,min_variance,utility_ra2,utility_ra10,utility_ra50,max_sharpe,risk_parity,equal_weight,buy_and_hold_equal,nifty50
2024-08-01,1.0,0.999,0.999,0.999,0.999,0.999,1.0004918943679366,1.0005010693824408,1.0
2024-08-02,1.0,0.9757061899211372,0.9826252714181785,0.9907334387792818,0.98465602485849,0.9894903190747082,0.9880445118556467,0.9881101117074896,0.9882770645080453
2024-08-05,1.0,0.9396353227496155,0.9575812512539054,0.9734017635422542,0.9638462062579202,0.9700895110724272,0.9653439981406549,0.9654200518313941,0.9618046225313791
2024-08-06,1.0,0.9244691180958023,0.9459908851680835,0.9642751759096188,0.9519942142398502,0.9642460330365568,0.9595943717332416,0.9596465190274408,0.9592837685381085
2024-08-07,1.0,0.9672827921151271,0.9833072559669497,0.9792783572581097,0.9812558017961255,0.9778460225666075,0.9760141590831026,0.9761204674798645,0.9714764211010809
2024-08-08,1.0,0.974310487141558,0.9856950472680143,0.9768981694470885,0.9815752195202951,0.9747062836717321,0.9727308537226688,0.9728670511650949,0.9642595677619
2024-08-09,1.0,0.9971327751726365,1.0026191054648748,0.9860777657917366,0.9941743459676979,0.9843333532051525,0.9834061714925603,0.9835569262298398,0.9742752007894058
2024-08-12,1.0,0.9945361942668034,1.0056255753649161,0.9867346828380854,0.9955965461945827,0.9836808848849602,0.982741194160877,0.982895723414735,0.9734555581663964
2024-08-13,1.0,0.9915669238747539,1.0049000073991645,0.990315490838227,0.9968180111912965,0.9841267018115188,0.9820788289680824,0.9822310470101467,0.9651391842353736
2024-08-14,1.0,0.9835034244741376,0.9946735064563252,0.988115833611892,0.9898770804107312,0.982889664444514,0.9806053340218966,0.980724154372256,0.9653291014285099
2024-08-16,1.0,0.9922794716174249,1.002248495956743,0.99554494619669,0.99717289406565,0.993653724741377,0.9920373352837016,0.9921195663489073,0.9812181891629908
2024-08-19,1.0,0.9959081537216397,1.0064971310862463,1.0007291425483356,1.00164902689553,0.9973526077558258,0.9952287678471841,0.9953270072228314,0.982477640022737
2024-08-20,1.0,0.99714970240707,1.0130333047821625,1.0075116944150737,1.0087578270244661,1.0031342316873406,1.0009154447458306,1.0009915756391734,0.9875234087387367
2024-08-21,1.0,0.9998451224042488,1.014534866218549,1.010008489807408,1.010710380266971,1.0065600099180965,1.0038124356084677,1.0039033614332684,0.9903761492742891
2024-08-22,1.0,1.0020935956157957,1.0190390927667614,1.012611848941246,1.0146332570537009,1.0096835949194634,1.007667055753314,1.0076891799938188,0.9920274605267813
2024-08-23,1.0,0.9944970245034288,1.0164274847777146,1.011862124011638,1.0142368366531185,1.0090570431117536,1.0071916769722633,1.007166390257913,0.9924932730502427
2024-08-26,1.0,1.0112277061067856,1.0276374325137225,1.0182891755331624,1.0231443356013614,1.015667608425936,1.0143639778578009,1.0143481546850805,0.9999879739935267
2024-08-27,1.0,1.0114813833781207,1.0316073540428352,1.020406651429801,1.026999973509928,1.0144109514755049,1.0134144797181763,1.013431098300835,1.0002738649655958
2024-08-28,1.0,1.0153376557696356,1.0371396700534452,1.0209565408834549,1.030698838746039,1.0142558156213795,1.0136896464105936,1.0136913365972227,1.0016572461647777
2024-08-29,1.0,1.0183099971788558,1.041105168685105,1.021530105283951,1.032939937974816,1.0161857168791306,1.0158159055702027,1.0158194695277865,1.005639494217404
2024-08-30,1.0,1.0306838803744087,1.055263967576481,1.0271181078534934,1.0433290580749925,1.019595165808267,1.0197120320288044,1.0197110470487445,1.0089960775696158
2024-09-02,1.0,1.023157624266891,1.0545996042151302,1.025516733431998,1.0425235753576598,1.0193452571022283,1.0195006753704068,1.0194943477602345,1.0107072845816212
2024-09-03,1.0,1.0299159754537197,1.0617001932409,1.0281299618704616,1.047104663583469,1.0205298624648416,1.0205176496855324,1.0205894017172863,1.0107532801518337
2024-09-04,1.0,1.030618009767921,1.0643636436029087,1.027288131113938,1.0487172288369064,1.0188228202184884,1.0184020814831094,1.018589959340642,1.0075086792235355
2024-09-05,1.0,1.0340755638262094,1.06738790267416,1.0305693638325453,1.0521537516358943,1.0202067667337302,1.0189923274300257,1.0192364931590734,1.0053656292518083
2024-09-06,1.0,1.024230121761141,1.0588837105499436,1.0256515273825875,1.0458963094664493,1.0124854212827061,1.0087266609746977,1.0091641222039442,0.9936527674925487
2024-09-09,1.0,1.015851158903559,1.0514093729677938,1.0253429522326916,1.0398006665470791,1.0137275771431478,1.0088220177712857,1.0090713187796232,0.9970212987602827
2024-09-10,1.0,1.0184906039524344,1.0538834855957846,1.0292122028734048,1.0430304344756876,1.0178146857387302,1.012990105706402,1.0132909184011796,1.0012074422862969
2024-09-11,1.0,1.015833025947401,1.052386045405413,1.0302755386322828,1.0434203317431439,1.015312583780851,1.0088386519369426,1.009313400439745,0.9963035648284916
2024-09-12,1.0,1.033418945062088,1.0722020549982736,1.0414998253257775,1.0602101607917973,1.028764895652848,1.0243169742721394,1.0248107166284242,1.0151134103169548
2024-09-13,1.0,1.033834522968993,1.0732618937972376,1.0443310911237094,1.0620252184207706,1.0295294374512713,1.0245690931016953,1.025026599405076,1.0138179595287398
2024-09-16,1.0,1.0303834535181675,1.0696294235295305,1.0454470219236165,1.060916884568475,1.0294168464841116,1.0238294158814913,1.0242443460041366,1.0149074844788377
2024-09-17,1.0,1.0422967064474788,1.080884988759694,1.0476797255855728,1.0686293199808403,1.03049601419509,1.0255246159002807,1.0260204912586297,1.0162989090459855
2024-09-18,1.0,1.0266020626693337,1.066013801591033,1.0411197491345456,1.0549399216778224,1.025624247847278,1.019605207484626,1.0197516420223873,1.0146596237999665
2024-09-19,1.0,1.0232871824401153,1.0629978264274256,1.044413536007187,1.0543662467908732,1.0279946136296685,1.0206339455443723,1.0206478653643072,1.0161889569868012
2024-09-20,1.0,1.026261976801813,1.0634531208992608,1.0523119995876287,1.0561641663694044,1.0381125455565234,1.029939849644157,1.0298059868989249,1.0311883545151135
2024-09-23,1.0,1.0396175919989588,1.0746937444322788,1.0577775269579113,1.0644962874443726,1.0435523868845538,1.035458231411297,1.0352619274301569,1.0371098351570303
2024-09-24,1.0,1.0416457370603456,1.0768031832836424,1.0573455837053911,1.0658634256541923,1.0429734029132203,1.0356984643452571,1.035588693071648,1.037163796004258
2024-09-25,1.0,1.0356391035240637,1.0728612663413721,1.0591521902749461,1.06462424313388,1.0426572725607364,1.0342790131657593,1.0342195840810549,1.0397126846489824
2024-09-26,1.0,1.0374296889652226,1.0740194996672099,1.066330005625291,1.0675204547874817,1.0490995424294227,1.0395856975350457,1.0395033383915364,1.048185006209402
2024-09-27,1.0,1.0416090299691503,1.0770560688960926,1.067814892359158,1.0716132561997458,1.0498093785796097,1.0409026565191353,1.0409955617778053,1.0467015905018289
2024-09-30,1.0,1.024234254167011,1.0553335940401953,1.0542454863861415,1.0525560675296506,1.0381620281571213,1.0283365669740405,1.028255698120268,1.0319840232161275
2024-10-01,1.0,1.0298597364904947,1.0601670576413493,1.0561081947031121,1.0566165201344033,1.0387721101955254,1.0294080013073017,1.0294386749869524,1.0314262976431916
2024-10-03,1.0,1.003650186869574,1.0377142896429714,1.0452476921253495,1.0408689915218243,1.0251274155819239,1.013732947398023,1.0136987045545711,1.0095637987842956
2024-10-04,1.0,0.9882613882115824,1.024211676846539,1.0380659734152022,1.031436924818755,1.0183551456074598,1.0072434414337708,1.0069424117899626,1.000147904261431
2024-10-07,1.0,0.9823097356495257,1.0186011479383763,1.032671171636357,1.0264357027941238,1.0099984857912405,0.9976030324508064,0.9976651174927765,0.9913977350969081
2024-10-08,1.0,0.9983739341705037,1.0335034335344966,1.0379732281715188,1.0365187226926915,1.0171207409485419,1.0068976711961863,1.0066828874467466,1.0000899607756961
2024-10-09,1.0,1.0143130750140334,1.0478623040170099,1.038633402579929,1.0450015701249047,1.0163964743617122,1.007779677608419,1.0076429779220342,0.9988424578314721
2024-10-10,1.0,0.9878576952661096,1.022495419304333,1.0270867672377306,1.0256311021449374,1.0071741169783295,0.9979906371954819,0.9974714324176691,0.9995021701865773
2024-10-11,1.0,1.0091609670829342,1.0411588427763334,1.034685598995692,1.0409296408278157,1.0119943875995998,1.003344966641009,1.0031484048938146,0.9981347976323761
2024-10-14,1.0,1.021119344222372,1.0512713226484922,1.0415865031004516,1.0497063569704501,1.0196428524915488,1.0110877830318081,1.011118236659019,1.0046799126099784
2024-10-15,1.0,1.0244492626598907,1.0528064620824662,1.0410522707616068,1.0496920988839809,1.0176683334953198,1.0090379426790648,1.0092534059947647,1.001857158999658
2024-10-16,1.0,1.0060598807821939,1.038037855494885,1.036114919807363,1.0412175348802013,1.012923580196895,1.0032562835149672,1.0032267242134139,0.9984167059659378
2024-10-17,1.0,0.9913879122414222,1.0241993677262513,1.0265484936550653,1.030222522302773,1.0057062267291328,0.9968987926336358,0.9965909301648086,0.9895625196545162
2024-10-18,1.0,0.992380027119075,1.027087904178715,1.0310934713494955,1.0351459225924726,1.0072248549798741,0.9979012534563838,0.9975029788534288,0.9937287499879935
2024-10-21,1.0,0.9743809276904979,1.0111251084395942,1.0269246907830256,1.0251218548002128,1.0029241927256618,0.9916900875635232,0.9913505080115028,0.9908119748725185
2024-10-22,1.0,0.9613784547061405,0.9991025885894309,1.0206483582121986,1.0158806556953932,0.9937983616269798,0.9807218974109125,0.9807549696553841,0.9784573616769126
2024-10-23,1.0,0.9793523407558907,1.009523527757599,1.0211799649476647,1.02287651225188,0.9940130737338022,0.9817633771918528,0.9820509709640551,0.9769940153437786
2024-10-24,1.0,0.9833023721005716,1.0129698875651183,1.013696386950212,1.0219655927000273,0.9877778827768291,0.9777925091687083,0.9779523290399309,0.9755506602941327
2024-10-25,1.0,0.9709486959434672,1.0019959790827022,1.0100909732797896,1.0135840835307952,0.9821945413763117,0.9701949576170922,0.970734812810263,0.9668104867713538
2024-10-28,1.0,0.9559319413804723,0.9912923935936493,1.01323163864514,1.008404694867713,0.9845557781870821,0.9707657308149076,0.9714161393426776,0.9731417106338244
2024-10-29,1.0,0.9505985730422579,0.983103216068423,1.0124282413735766,1.0024794790435652,0.9864027776666866,0.97402808151377,0.9742098910739474,0.9782474532002882
2024-10-30,1.0,0.9495888515685341,0.9815707014564025,1.0151442978054113,1.0040780954213524,0.9878869056758093,0.9745473448259961,0.9745636885955556,0.9732096497613033
2024-10-31,1.0,0.9447655418291692,0.9770792826012464,1.0094536881539713,0.999837623268906,0.982753864479561,0.9698367220395976,0.9694917233921081,0.9677920119360457
2024-11-01,0.999,0.9487108839875807,0.9811546554406457,1.0123088136940033,1.0032278655863005,0.9856272381171989,0.9731263473214136,0.9727774009595097,0.9717502860666767
2024-11-04,0.9883107853972637,0.9326156465325269,0.9652770561997893,0.997364707564026,0.9870047894444305,0.9755165315003722,0.9637307866354858,0.9635348185719778,0.9593956728710709
2024-11-05,0.9923452152193972,0.9331255632301727,0.9666867134368435,0.9981937020112408,0.988450580973377,0.9784833835223169,0.9676049558856905,0.96726489810234,0.9681099201980762
2024-11-06,0.9977056276400158,0.9544541310204621,0.9819936916405113,1.0077012198181103,0.9998759699760285,0.9899326173010426,0.9806667118315063,0.9801871914040232,0.9789352002068473
2024-11-07,0.9877147282271816,0.9411908626520663,0.9672572516386577,0.9920378432508081,0.9837497436217227,0.9774764229910838,0.96908863457105,0.9684977150650625,0.9675521165341893
2024-11-08,0.9963703867576255,0.9388954299107451,0.9647318587759728,0.9935679278513541,0.9830002633129001,0.9787647177547069,0.9685833950219975,0.9682234828907456,0.965506992615173
2024-11-11,0.995631370429788,0.9379557165034924,0.961329542961631,0.9898271488112764,0.9787517856461455,0.9768254324681682,0.9668588409776301,0.9666985346726752,0.965231175375799
2024-11-12,0.9807224687579046,0.931446445813905,0.9536122210944715,0.9779795187145486,0.9680144160157174,0.9649662618225276,0.9559757841437017,0.9559823021465992,0.9549216080082583
2024-11-13,0.9755194230629821,0.9155441858484377,0.9380541304545962,0.9689031093809252,0.9558901560407315,0.9544789366416706,0.9434349901047796,0.9435830834605389,0.9419513257539818
2024-11-14,0.9609584746253973,0.9187950355223095,0.9380852691237759,0.961824149799955,0.952137765745952,0.9484485694267611,0.9399089651827905,0.939975469724663,0.9408977226414015
2024-11-18,0.9649097860734029,0.9225463766972788,0.9420397461547536,0.9660640049072471,0.9578982107687436,0.9490861357478834,0.9393388311457201,0.9395302630212987,0.9377431605797504
2024-11-19,0.9710401306464673,0.9328818665018794,0.9513663393613583,0.9745091286219231,0.9673576410293796,0.9555074288951874,0.9456228617234594,0.9460969080177142,0.9403300014267216
2024-11-21,0.9685226270889112,0.9355073574804114,0.9517896348022727,0.9765434494085334,0.9698734596443243,0.9524610381641865,0.9409496564452482,0.941975447988603,0.9335889562527464
2024-11-22,0.9890676500761593,0.9474892653552314,0.963974090927584,0.9919296568520866,0.9820662228833886,0.9713760528646637,0.9601985007808466,0.9609019725465668,0.9558732243386692
2024-11-25,0.9904951470233173,0.9635235153741369,0.9763000181060212,0.9977731939044773,0.9901435400239036,0.9800434293560204,0.971963786236165,0.9724194738137805,0.9684537546558801
2024-11-26,0.989016222942191,0.9534160952476393,0.9650247551257685,0.9919234658716267,0.9803361137405677,0.978736601591376,0.9711659188506417,0.9713541858651625,0.9673582167025455
2024-11-27,0.9917937974529776,0.9490573461700954,0.9615554911117845,0.9945005514304355,0.9801861578212138,0.9806693363751422,0.972218627847051,0.9722559783383385,0.9705728307056118
2024-11-28,0.980988321125723,0.9460354514278364,0.9572384093592784,0.9884218302769715,0.9760828604602511,0.971648087944372,0.9630431126287639,0.9630411137259721,0.9561491196689943
2024-11-29,0.9868102853185082,0.9610004351666905,0.9708705016392039,0.9974613367583846,0.9874575961175192,0.979364305950572,0.9709865689728425,0.971115675461015,0.9648233063380725
2024-12-02,0.9906196469576718,0.9680271395113597,0.9753641018958978,0.998679562528881,0.9897064276680395,0.9833681283298976,0.9756931971648213,0.9757890607793512,0.9706188262758246
2024-12-03,0.9948172480201707,0.975559432386903,0.97994051202047,1.000578269738622,0.9934036993710597,0.9875897866049423,0.9809193788083155,0.9810876742802647,0.9778596535370008
2024-12-04,0.9938921957733915,0.9755928044311994,0.9803553807951049,1.000632966151453,0.9935689677856832,0.9875136265515465,0.9813078840648736,0.9817955899215942,0.9782714271222837
2024-12-05,1.0023548450121664,0.9836106086870461,0.9884341755077203,1.007784316353978,1.000930500830949,0.9954184674143837,0.9892531521700761,0.9900219083727211,0.9879052734897386
2024-12-06,1.0039290861276597,0.9922416129264943,0.992254716553086,1.007332738941988,1.003340502923171,0.9959638101889529,0.9897742405560433,0.9906972778213392,0.986681822558461
2024-12-09,0.998476997735411,0.9917641137569311,0.9911575081311972,1.0037066355071105,1.001467910457408,0.9911797900618424,0.9857156898380197,0.9869564109266686,0.9843308163838876
2024-12-10,0.9970084803571934,1.0006000239478323,0.997951930846493,1.0082658667255502,1.0078420580892469,0.9921230261576056,0.9863367580985731,0.9880405462829989,0.9839730036458323
2024-12-11,0.9998989141058208,1.0019206909861693,1.000633215769438,1.0132317844144658,1.0115514134293824,0.9956106065999284,0.9892326606981959,0.9908531188254266,0.9852424501473225
2024-12-12,0.9969132708813581,0.9996924686269973,0.9994724209139315,1.0121016865440773,1.011003958296763,0.9916121507835901,0.9843689219004723,0.9866590097012439,0.9815200106890893
2024-12-13,1.00161759365029,0.9962810062136406,0.9979207547355402,1.012138918682043,1.009284027470404,0.9954784364284364,0.9887855591814693,0.9909805221452935,0.9903002448697954
2024-12-16,0.9986995860791087,0.9942116858618253,0.9957390523523313,1.0095942484854776,1.007351657448139,0.9937230976567742,0.9871668479759172,0.9891578569582563,0.9862999578074592
2024-12-17,0.9874190051991423,0.9900009877252292,0.9892961216233528,1.000058815308861,0.9999095141276384,0.9822788162882665,0.9753262801795328,0.9778316840126846,0.9730157499296596
2024-12-18,0.9891183017305097,0.9952979426929636,0.9919655824597181,1.0008899229654422,1.0019088270671175,0.9817837219611179,0.9733497576396437,0.9759492462102435,0.9675321252507012
2024-12-19,0.9842713184618627,1.011069109278846,1.0005542732106,0.9992961592105947,1.0074861561900297,0.9797659080244744,0.971457903465254,0.9742548644530642,0.9576504182043751
2024-12-20,0.9795259174409547,0.991158273051633,0.9830746241370121,0.9881210819063112,0.9913512884952136,0.9680185031359706,0.957920297584815,0.9601671683543384,0.9430887985480706
2024-12-23,0.984477161598562,0.9978018260827932,0.9890649348697421,0.9946910742591185,0.9977911343826009,0.9742306832958785,0.9644429853598562,0.9668230421005333,0.9497238743013691
2024-12-24,0.984294931369605,1.0052214329091282,0.9922792949589436,0.9950966701254494,0.9997189367270864,0.9748467493111246,0.9653931221082038,0.9675492141685919,0.9486923709279571
2024-12-26,0.9838579854813367,1.0163154779107866,1.0003953987567642,0.9995776072267437,1.006993295356532,0.976288249664554,0.9667408515788629,0.9690431438281275,0.9495939309586968
2024-12-27,0.9894861569664546,1.0187782788137687,1.004341769853803,1.0036161479361885,1.0108726256130143,0.9797519538622452,0.9690722453275138,0.9715635205274392,0.9521208760461551
2024-12-30,0.9843933034247498,1.0338382025153903,1.0164256655005885,1.0063275399470513,1.0207513812219755,0.9801194843048598,0.9694161998037739,0.97283861181247,0.9453838135106872
2024-12-31,0.9860940808476232,1.0304078318446568,1.0120440326094964,1.0044151076475196,1.0168289000212114,0.9802181050342371,0.9696021354880919,0.972262710510763,0.9453798308721799
2025-01-01,0.9880806662105095,1.0326397480873222,1.0140370296076615,1.0076075694101294,1.0191368105222107,0.9833506755308609,0.9726947173184699,0.9753137416446437,0.9493021050743422
2025-01-02,1.0008525063460927,1.0329368042954061,1.0170830070194006,1.017163829210813,1.022689732832853,0.997671911346307,0.9879948333578354,0.9897067845632996,0.9671243343039257
2025-01-03,0.9992997762790097,1.0190543406530443,1.0063996042274321,1.0110325844044585,1.0129733833611552,0.9930646430000769,0.9831716290298693,0.9837414219607675,0.9597715246188361
2025-01-06,0.9882011895164119,1.002818752881557,0.9947198768769803,0.9993110290208472,1.0017628562851706,0.9796515034961862,0.9687351372661721,0.969706315189085,0.9442303320716179
2025-01-07,0.9905791670350441,1.0077406178972885,0.9981993429773426,1.0010949256341086,1.0050691039041577,0.9818874993453871,0.9718131312290371,0.9723582140057931,0.9479027152301798
2025-01-08,0.994138326252077,0.9861783071135385,0.9798118631219994,0.9968730202466987,0.9880712768943316,0.9800708332724256,0.9693892646516611,0.9687912295653981,0.9471449987314124
2025-01-09,0.9947069039458142,0.9825682221149806,0.9784789981242419,0.9982177448982891,0.9877008659761521,0.9778280854654623,0.9648068155234851,0.9644180267233602,0.9406498619625302
2025-01-10,0.9956916453777238,0.9739952745801457,0.9723151873128106,0.9957250013497786,0.9822523631866414,0.9759838612772127,0.9622073123285765,0.9622110983294385,0.9368515180998035
2025-01-13,0.990227308263295,0.9393596163886617,0.9468333498664281,0.9840421545904537,0.9590993057919002,0.9629589577079879,0.9465491689085145,0.9460921897964142,0.9230355108448418
2025-01-14,0.9856906044325143,0.9373428073672422,0.9450529786416921,0.9840299825882899,0.9575656572536331,0.9623426947786109,0.9474293669738818,0.9464132315091061,0.9266380026021467
2025-01-15,0.9859508022551514,0.9458621827031616,0.9505832095928476,0.9866141168240143,0.9623827112035432,0.9646838633283397,0.9503125467518058,0.9497842112559894,0.9281232924925468
2025-01-16,0.9830800843886394,0.9444699209171629,0.9492481818143733,0.9855147045767968,0.9614726680652611,0.9637199078217651,0.9506306627344817,0.9496499030127292,0.9320656360691483
2025-01-17,0.9872056856822867,0.9435629956409677,0.9485875578997819,0.9834144838744092,0.9608685297488297,0.9652531246469762,0.9520457626070842,0.9500720384471167,0.9277234668227861
2025-01-20,0.986428002230888,0.9508952339614755,0.9542785035018169,0.9834324556876929,0.9658815675242652,0.9671484622067437,0.95529659109837,0.9536058400861699,0.9333830304146293
2025-01-21,0.9805854250793127,0.9322303323417284,0.939901408401568,0.9764802819613271,0.9527614424458509,0.9576810863793791,0.9438741511585672,0.9420391956411001,0.9205846263437794
2025-01-22,0.9893902324395494,0.9325223719800486,0.9431629788857273,0.9843710886104671,0.9568817029016424,0.9641555105074074,0.9491888753563309,0.947170368593985,0.9258103166111713
2025-01-23,0.9901639482323338,0.9697437483844148,0.9702114815743981,0.9924271098537644,0.9806984173913205,0.970401451334598,0.9567348433399329,0.9563680179887383,0.9278094449599749
2025-01-24,0.9894115637342689,0.9707787399568472,0.9712229966928076,0.9910414053393427,0.9817930902784994,0.9667761618662114,0.9519380832003547,0.9520926938619777,0.9232854018884422
2025-01-27,0.9814505629269963,0.9486944422208181,0.9523190526359051,0.9824893795194943,0.9646264138176257,0.9558868035026877,0.9400346879514246,0.9395121440155272,0.9127680344999575
2025-01-28,0.9787458008924163,0.9313407267730562,0.9371935686195275,0.9759873161250007,0.951013903481804,0.9516514626325666,0.9358923946753435,0.9346675831615635,0.9178897857114019
2025-01-29,0.9846437011440847,0.9557232512739754,0.9580390495217496,0.9856282535050619,0.9702874799411678,0.9603821805154285,0.9451887787653594,0.9451092809659841,0.9261201815052359
2025-01-30,0.9914251406618643,0.943316790154488,0.9498907103255821,0.9853889653162025,0.963422852764255,0.9632233066029949,0.9474039073731257,0.9462523667710079,0.9295746909101587
2025-01-31,1.0093481798311685,0.950992778808582,0.9568253898798789,0.9960581145998822,0.9704776945067262,0.9785861329028104,0.9628449248376165,0.9605959676455734,0.9399261931184536
2025-02-01,1.0130572928893233,0.9530441512907809,0.9560222385405344,1.0003771627368232,0.9700952734457579,0.9802346883758656,0.9626564260012991,0.9601674682637376,0.9388766507353318
2025-02-03,1.0089245278240095,0.9479941599795623,0.9525628497578109,0.9966965166074836,0.9668827370719553,0.9725624773165061,0.953234663003167,0.9520634952195759,0.9340347774927198
2025-02-04,1.0188446398301183,0.9570018479366305,0.9599142608624038,1.0062420805358814,0.9745668933341503,0.9834810513523357,0.9653755886653053,0.9636621768329421,0.9491561530866893
2025-02-05,1.018982300931889,0.9721636424256942,0.9709251535679716,1.012265844409868,0.9848922330261095,0.9842290685108915,0.9657227975675571,0.964329402986033,0.9474389330714476
2025-02-06,1.0163478795320755,0.9710443866139407,0.96914890768336,1.0108706735555197,0.9832273364316368,0.9808124436040034,0.9616956437343414,0.9607660432952994,0.9437225066164511
2025-02-07,1.0132776197233915,0.9705869073987405,0.9688015640243312,1.0084536744963606,0.9829189899343617,0.9786440078289492,0.9595544699891954,0.9587470149553842,0.9419872475914993
2025-02-10,1.0103933825163813,0.9542953717868085,0.9639250805957515,1.006260955843834,0.9785976648920529,0.9719334790617185,0.9506571821457346,0.9498014729037363,0.9348563723895074
2025-02-11,0.9975539978024354,0.9327060779824115,0.9485335213259639,0.9927987679041483,0.9632795230507878,0.9568749388063392,0.934995955188893,0.9341815653605215,0.9224698199948913
2025-02-12,0.995199119802164,0.922879255178867,0.9425680030615594,0.9892259549984895,0.957587461108715,0.9544471755812127,0.9326066277273669,0.9315001210768483,0.9214082516052962
2025-02-13,0.9955157623483775,0.927112446160596,0.9474356467484673,0.9925904569902024,0.9626367354279737,0.9543028793429222,0.9313561891214339,0.9305800955465611,0.9208545086708678
2025-02-14,0.9930799584034338,0.9060720499680774,0.9372615046070103,0.9879644453141049,0.9531888560813107,0.9474442915706431,0.9229285598268641,0.9223196253851998,0.9167702738360719
2025-02-17,0.995016610974157,0.913628614022572,0.9397723404409671,0.9882790000390035,0.9552751078763536,0.950487804955943,0.9271353009709081,0.9261524771123433,0.9179797464870981
2025-02-18,0.9935736751068196,0.9253024025277945,0.9439441429521995,0.9876453081431987,0.9590191655921471,0.950950277557827,0.928412489459581,0.9280993605259015,0.9174120252724184
2025-02-19,0.9883524399116831,0.930225425047612,0.948124773683764,0.9865660337850404,0.9629386131208633,0.947990170057184,0.9259199737456014,0.9259127697174147,0.9169162258237248
2025-02-20,0.9848381341982765,0.9364678330082286,0.9493794034130587,0.9841634729428498,0.9633192652334484,0.9467888786824874,0.925628747863495,0.9252886249754861,0.9161265701259474
2025-02-21,0.9803245563821641,0.9165158781622614,0.9350312628430811,0.9740325319940443,0.9490468691624445,0.9381727050823986,0.9165919957135987,0.9159998894083287,0.9114386141480031
2025-02-24,0.978008022120849,0.9147567046755775,0.9352480734551749,0.9721559130620344,0.9488986054529251,0.9335828363510623,0.9105082457000663,0.9100715922536898,0.9017408112915767
2025-02-25,0.9766178087615416,0.9041749479122861,0.9308560593865586,0.9699791058944852,0.9448769698774696,0.9296460019108789,0.9054251683462499,0.905095183484491,0.9015089592576861
2025-02-27,0.9743983827803451,0.9018050310701767,0.9278412509092745,0.9677561731307113,0.9421475339487143,0.9277882804390855,0.9038013733904782,0.9036140952613293,0.9014090028402459
2025-02-28,0.9561624762345546,0.8920203562003083,0.913900540674211,0.9524081719766202,0.9270635876189647,0.9085399071509284,0.8845312627409923,0.8842186232541809,0.8846022683390937
2025-03-03,0.9550679808309194,0.8943174390720563,0.9147052110442525,0.9521368603723551,0.9274773105281324,0.908635017604026,0.8847432786639032,0.8844646167497944,0.8843864249501838
2025-03-04,0.9556798338810497,0.9017543945456783,0.9209189286359544,0.9537030160117563,0.935226988791827,0.9061922263909226,0.8816131985141086,0.8816848551896423,0.8829210482523207
2025-03-05,0.961934468456862,0.9139504144969417,0.928455219579171,0.9597376395353713,0.943626219972989,0.918148330905276,0.8955575984088122,0.8952950642296944,0.8931026245509672
2025-03-06,0.9674743229359538,0.9144601525796493,0.9319685290019027,0.9648948694905257,0.9474456739393761,0.9254006310220481,0.9033276796187105,0.9019458729087709,0.9013949464690435
2025-03-07,0.9661129465409901,0.9101613938268116,0.929365023521497,0.9626335911838633,0.9439040708405708,0.9241626776792021,0.9016886103069945,0.9001291041037237,0.9017068417278372
2025-03-10,0.9661789773009339,0.904209286513216,0.9257701186718986,0.9626124366350617,0.9396735685281222,0.9198296091316824,0.8953428960278402,0.8942762348908148,0.8980204802890239
2025-03-11,0.9670233339772878,0.9044388294960358,0.9256174128738335,0.9626761360556494,0.939308605385808,0.9209955287022974,0.8972095342967197,0.8960918463503211,0.899523809189134
2025-03-12,0.9651380256326852,0.909819768450271,0.9289358995364657,0.9626012165270992,0.944347877507741,0.9178010079853204,0.8941071098972173,0.8928106896372593,0.8984282712357995
2025-03-13,0.9655698829049679,0.9080988573346889,0.9299651168255265,0.9631382445183666,0.9446257511462297,0.9151507801907759,0.8902139970050662,0.8897051561953481,0.895497517840073
2025-03-17,0.9730193706239356,0.917339177283097,0.9381108648442271,0.9704169162645943,0.9532976383688729,0.9206095595790555,0.8956280460929399,0.8950290706126682,0.8999576044226342
2025-03-18,0.9731575203649555,0.917339177283097,0.9381108648442271,0.970585498907232,0.9532976383688729,0.9207257965782806,0.8957304451264264,0.895126935711526,0.9129739603380744
2025-03-19,0.9877446070781535,0.9407335213283949,0.9597711939609065,0.9864404558986966,0.9766167914939643,0.936473825634076,0.912884403694607,0.9118263944161145,0.9159046356428497
2025-03-20,0.9982703210497895,0.9489299628536646,0.9703750261237477,0.9967621001538997,0.987667097889653,0.9487467883969628,0.9255370555301452,0.9235867900388658,0.9272217324618071
2025-03-21,1.0015536068796531,0.9492774569235516,0.9703854972677871,0.9982217218217588,0.9869588772583552,0.9533451800175362,0.9310990153774603,0.9289125343513555,0.9336089475362344
2025-03-24,1.0047914750497615,0.9498132685495253,0.9729744302351001,1.0014201022882163,0.9880142646717971,0.9604418836814603,0.9402597313138723,0.9377013704630576,0.9459215478001349
2025-03-25,1.0032941144067409,0.9546573452042113,0.9729642676121985,1.0007954632990834,0.989436053789105,0.9573680617184965,0.9367575593937599,0.9348097885042886,0.946333399476369
2025-03-26,0.9976631988432296,0.9523369429337583,0.9720598599480063,0.996546847925858,0.9889266053453686,0.951274444594058,0.9301442848204486,0.9283718996471264,0.9390645375637389
2025-03-27,1.0016359256412068,0.961657638832312,0.9806290340315155,1.001253178617743,0.9985624186373843,0.9565134749955762,0.9357593212552093,0.9341273676703713,0.9432666897347336
2025-03-28,1.000537639414067,0.9598655474681367,0.9813299671761965,1.0006903358135457,0.9987782465395916,0.9538986297790188,0.932667413132253,0.9308602325710575,0.9403639709904611
2025-04-01,0.9976941095089703,0.9438644730982171,0.9719554763928179,0.995928074726888,0.9881950162667982,0.9450645084681377,0.9206775866285035,0.9185354520333575,0.9262241205611834
2025-04-02,1.0008682404043432,0.9499303977748541,0.9796832094012058,1.0012869705745797,0.9959303193580766,0.9518847661342504,0.9289245310650965,0.9267703065842569,0.9328872309659358
2025-04-03,1.0000190870625751,0.9339233536773169,0.9761978737146129,1.0012271674495283,0.9918472250112736,0.9478975195396426,0.9229705576585227,0.9210179026963041,0.929598664832154
2025-04-04,0.988080800086036,0.9365959494350146,0.9773336576109851,0.9941643922187114,0.9933762304441858,0.9302726689015619,0.9019792488305444,0.901926127325568,0.9157786749386849
2025-04-07,0.9708324828540085,0.9195295883408201,0.9553953729024718,0.9740487877218272,0.9712958038762928,0.9102080393894663,0.8803819588818778,0.8808031404599229,0.886077640678701
2025-04-08,0.9799676990864018,0.9325150877677386,0.9684002696910726,0.9848603445988833,0.984758309896287,0.9233625235309966,0.89502586366618,0.8951179764497429,0.9010411163694955
2025-04-09,0.9848393791307994,0.9373758870839201,0.97316530474079,0.9890122519319303,0.9897761353748878,0.9219084737293697,0.8898018574282869,0.8900701245478507,0.895575530700247
2025-04-11,1.0032607694039881,0.9542950102602835,0.9923674126977525,1.0079712231155045,1.0089668660543487,0.938227420895382,0.9046104223645055,0.9050126618260367,0.9127440605779621
2025-04-15,1.0144304604108239,0.9647094858569626,1.0058006485663191,1.0191572656682162,1.0224841117007328,0.9532281336833007,0.9223738231495954,0.9220942214324997,0.9327353440659975
2025-04-16,1.0210378866820176,0.9733366223193853,1.0121996838430896,1.0254843204006565,1.0290746668886381,0.9560843045158134,0.923552217103182,0.9235120866169869,0.9370793874951867
2025-04-17,1.0319033577523913,0.9816592909443589,1.0222754758184742,1.0361631016124895,1.0392800375401157,0.9668079417732408,0.9351234298825951,0.9353585291619577,0.9536502092329899
2025-04-21,1.040385725708179,0.9920510368890121,1.0336390467370087,1.045299494979654,1.0510139400513032,0.9782187285371389,0.9476847955533939,0.9476980260638304,0.9646014499459259
2025-04-22,1.0506177377577421,1.0055064808464367,1.048958401590932,1.0582408226322482,1.0665070328891466,0.9844255746386851,0.9514238724002595,0.9523947439054109,0.9662686917524477
2025-04-23,1.0503000708564945,1.0058780688912894,1.04415987728541,1.0557130040799896,1.0617327862199486,0.9924205302503858,0.9636559325210602,0.9631959864185062,0.9727338415960979
2025-04-24,1.047678268490462,1.0042714960976311,1.0415518100224936,1.0516284615292288,1.0591167294812192,0.9901997287096581,0.9615940210945012,0.961368733083641,0.969445275462316
2025-04-25,1.0409380625946902,0.9923426267664638,1.0284104459612828,1.0430568889710683,1.0453829461814315,0.9818781236932339,0.9526808863316837,0.9525059447671679,0.961154905818018
2025-04-28,1.044509074013327,0.9946354291817956,1.033922011799713,1.0478624538934787,1.0507274689769663,0.9905907469881571,0.9641824215507542,0.9635281118076379,0.972715880677339
2025-04-29,1.0437125313873326,0.9980658678499074,1.0335699459760268,1.0472180321253959,1.050334465558419,0.9898230196239125,0.9627320529545109,0.9623016755021608,0.9730137195649303
2025-04-30,1.0439741082940293,0.9879037929254294,1.0287678110818546,1.0461756477718531,1.0452451734229327,0.9893649475783619,0.9620872456499296,0.9616301202048336,0.9729437500727222
2025-05-02,1.0365158500794642,0.9829384203927857,1.022560262591161,1.0395280592605867,1.0391698117862325,0.9836004956506674,0.9574156822118803,0.9572419220731581,0.9734435321599231
2025-05-05,1.0449313522896,1.0096092877759362,1.0406627319397326,1.0520219410133826,1.0581223847759218,0.9926839514949125,0.9655882307546254,0.9660555189429422,0.9780195838049051
2025-05-06,1.0544418341297301,0.9979169172934232,1.0409230510763163,1.0572247320748849,1.057996680645025,0.9926362601318621,0.9609135746697335,0.9615137545086461,0.974758974231626
2025-05-07,1.049702752776915,1.0052054656411054,1.0439307925079844,1.0540642362606545,1.0615989949424267,0.9928355261531276,0.9632425529408032,0.9633316318201078,0.9761503987987737
2025-05-08,1.0437447990938844,0.988708968493846,1.0322167632990726,1.0459217732772323,1.0493658930037641,0.9840517577501444,0.9534340770640697,0.9537343075587339,0.9705288655001284
2025-05-09,1.0378008295672339,0.985440116132468,1.0243042921725058,1.0370349216421468,1.0415943260596552,0.9831302295581427,0.9547997208374295,0.9536108244694373,0.9599014679615083
2025-05-12,1.052103523585096,1.024700218301701,1.0428656724106637,1.0494858996705725,1.0617670040371654,1.0080389468296067,0.9857102422080093,0.9833648623371162,0.996553455872092
2025-05-13,1.0489773452254063,1.0198039769827845,1.0397833145367505,1.0469576502437217,1.0583956624155275,1.004674859354971,0.9817987838986779,0.9795814266788774,0.9827055094181201
2025-05-14,1.0500430724873306,1.0138387991346822,1.0353434087431272,1.045406410122036,1.0536138792311243,1.0073454480580668,0.9861416426093074,0.9828149889619361,0.9862459969602316
2025-05-15,1.0551224475894618,1.0128253476960758,1.0356282237257988,1.0489751992185958,1.0533905092424607,1.0155324300454331,0.9962579503553076,0.9920787197867793,1.0020470761927944
2025-05-16,1.0585248369809115,1.0163498593831533,1.0392900091779416,1.051970003189428,1.0572921095487189,1.0169922536586868,0.9967721059914454,0.992671769582553,1.0003558604642773
2025-05-19,1.058209167711428,1.0126310205476003,1.036888337944982,1.0510732379480816,1.054789967525857,1.014754586468616,0.9937981961239092,0.9898053500708002,0.9973830941368454
2025-05-20,1.0485027105794542,0.998849678376602,1.0251644088701817,1.0411445860114033,1.0428218306008683,1.0027561340583904,0.9813086742008236,0.9774582497811499,0.9869257005988249
2025-05-21,1.0576602995382463,1.006126104864776,1.0348874179481817,1.0511128618430927,1.0525503003371142,1.010078177950389,0.9873609394289101,0.9838279776991281,0.9921053952960042
2025-05-22,1.051383073127704,0.9998282182921507,1.0298047052280968,1.04587034739986,1.0473812523009098,1.002208747111714,0.9788322597067517,0.9755500717236091,0.9839589472746297
2025-05-23,1.0580992390119697,1.0051726156748033,1.0322166336913703,1.0491196227595714,1.0502182406441911,1.0094401242183846,0.9866119062951514,0.9828862417285644,0.9936927500595248
2025-05-26,1.0650403304004499,1.006586585288786,1.0362556572573505,1.0543552405886336,1.0543098759406406,1.015340867912102,0.9919145577978982,0.9878036343040952,0.9996101699719833
2025-05-27,1.0603715270972964,0.9997935755199241,1.0313059575601857,1.0494212605524353,1.049091331851952,1.011034154751295,0.987659185507578,0.9833343680888468,0.9926151730249491
2025-05-28,1.057485443732001,0.9995010819320467,1.0321570803186348,1.0484827405689532,1.0500026260619897,1.0072323035930608,0.9831241972061073,0.979011323661284,0.9896664587104638
2025-05-29,1.0569183589791054,1.0035558203480521,1.0341555469131143,1.049186228600677,1.0519376435030012,1.0101648476082596,0.9876060562521655,0.9833528409127186,0.9929110596387621
2025-05-30,1.0536490576337298,1.0000260555093323,1.0316108458543787,1.0470958627866895,1.0494662100437613,1.0060271399378422,0.9828785280225483,0.979115806633367,0.9895964892182557
2025-06-02,1.0569938832015164,0.9916486533769892,1.0287843497500249,1.0495963634730243,1.046417420750359,1.005546094779943,0.9808521238369349,0.9772009043846037,0.9882330993025619
2025-06-03,1.053851637349221,0.991585093594457,1.0283195885153606,1.0487246861570694,1.0457761025728574,1.0038028306511917,0.9789108139433201,0.9754413913588575,0.9812721500102182
2025-06-04,1.0564549717157348,0.9932021693866909,1.0296984671413059,1.0512489904694282,1.047169607725587,1.0055003177620454,0.9801852833306578,0.9768063924632686,0.9843787642278784
2025-06-05,1.0626332198128305,1.0034922696035513,1.038368083757098,1.0592365108537631,1.0566336999733899,1.0114211246515783,0.9860813522289485,0.9830323679846322,0.9896045325862216
2025-06-06,1.068211706948173,1.0070164449667829,1.0399464943132564,1.0628939749551019,1.0586539562397057,1.0172565377288605,0.9933354992243438,0.98975658489987,0.9996861524674281
2025-06-09,1.0694668197911075,1.0094894909132308,1.0403545012538202,1.0627582772962472,1.0589160921171834,1.0220406673834477,1.0009267633544905,0.9967761306111722,1.0036903440773206
2025-06-10,1.0737765737814768,1.0126811064747439,1.0391996142408395,1.064515285924846,1.0585650112443346,1.0244064959783992,1.0035190177211775,0.9989214865814889,1.003732357009026
2025-06-11,1.07250031108224,1.0137646358719443,1.040204658813552,1.0648438158857805,1.0597565939191615,1.0258113956561223,1.0054929572811262,1.0008483463247986,1.0052177249903773
2025-06-12,1.068304092126284,1.0103788754465113,1.0375012510857897,1.06168563721704,1.0569129008142324,1.0186642261454462,0.9968075596063121,0.9924522908864118,0.9950940921774655
2025-06-13,1.0703913515343397,1.008658959592067,1.0372888418512833,1.0624577743750847,1.056352293936815,1.0166095582277408,0.9923593136077692,0.9877586155465689,0.988313064436514
2025-06-16,1.0738831243547868,1.0186213489257159,1.0431714937348473,1.0654980521437998,1.063095628503666,1.022727162322858,0.9999973626015625,0.9953752956266969,0.9974251070685508
2025-06-17,1.067303420960302,1.016833796288298,1.0369411220817153,1.058183024133575,1.0573900888867558,1.0164098311758232,0.9936778934524333,0.989301614855855,0.9937027457012688
2025-06-18,1.06340778727307,1.0148363207544442,1.0367878712649994,1.0562007218352156,1.0569753834574749,1.0146960794402693,0.9916996910615415,0.9876391077904018,0.9920494821749986
2025-06-19,1.0620095969675951,1.0073995172290924,1.0330720428514608,1.0553684559651735,1.0525377180248787,1.011941946588536,0.9879992424020356,0.9840446204868722,0.991297778679468
2025-06-20,1.0659309402604535,1.0219059281211462,1.042749802113269,1.0604877152758048,1.0631506783683573,1.0186348834517642,0.996482435276972,0.9929800290783779,1.0040582305480712
2025-06-23,1.0622450942519388,1.020241574903378,1.0411554387534352,1.0576392576873312,1.0613292645834655,1.014296973525298,0.9912891602320116,0.988139167530801,0.9984406798879333
2025-06-24,1.0586373732305419,1.0186778140860928,1.0400823126472645,1.055836194972045,1.0601581026743085,1.013945209893747,0.9927739724914293,0.9898638989694828,1.0013373856289691
2025-06-25,1.0663069434352554,1.0223456987064394,1.0439372850763011,1.0616993002053148,1.0639787875172717,1.0214510709240028,1.000074544345167,0.9972642410932638,1.0093499076691639
2025-06-26,1.067972706185778,1.024607282641066,1.0511733303738102,1.0659426561362229,1.0708606540902,1.0255039873606333,1.004194407633448,1.0015550188920206,1.0215146036716334
2025-06-27,1.0657442229119183,1.023612604354168,1.0524417443021825,1.0648607765683138,1.0717762819322176,1.0260588697999509,1.0064457372260744,1.0037262473865636,1.025065086855489
2025-06-30,1.0636802415282307,1.0255007153212763,1.0503812133427894,1.0618063130140607,1.070000705547312,1.025431634796243,1.006502553551011,1.0040596961152484,1.0202371918931286
2025-07-01,1.0631396857720876,1.0286587113718433,1.0529856166831915,1.0631756064112756,1.0727775225568132,1.025762436971488,1.0058293582950244,1.003902950498807,1.0212267604257863
2025-07-02,1.0616402618873226,1.0274706791162238,1.0502684749005662,1.061226268544862,1.0698168704974598,1.0249973078416885,1.0053716884036832,1.002890084769499,1.0176922858869113
2025-07-03,1.0627128536589552,1.0148517190608337,1.0433381614147228,1.0608929524057717,1.0612807130516053,1.0242704452719635,1.004190943607403,1.00095532936143,1.0157691400335525
2025-07-04,1.0660177074786252,1.0125985054424105,1.045877392755588,1.0645279245401347,1.0633163806730774,1.0295323491292616,1.0102446744924372,1.006272332917482,1.0179961377777393
2025-07-07,1.0692889290737124,1.0085683231239841,1.042518025053285,1.0649923693981915,1.0597723010623852,1.028853002915205,1.008460983253615,1.004408576240302,1.0180081637842124
2025-07-08,1.0673586889259068,1.0043775929607155,1.0423289777673748,1.0638932080116845,1.058964051650716,1.024144506901085,1.002602572365031,0.9990478172015388,1.0204550656467677
2025-07-09,1.0655640433073328,1.001232023400277,1.0395462933073893,1.0614194991372468,1.0562840316066857,1.0219331322378664,1.000370746994614,0.9967812491484034,1.0185998589208878
2025-07-10,1.064524191010706,0.998082292665195,1.0372696018875407,1.0595800848680212,1.0539402646849927,1.018747775448741,0.9957323071813975,0.9924709946674628,1.0137679813200198
2025-07-11,1.0654412455919755,0.9965715599495296,1.0362255019691031,1.0612186829317487,1.0526117900141365,1.0162007619180748,0.9908693863390288,0.9880266641145229,1.0055555464449446
2025-07-14,1.0676050835778015,1.0056048862762301,1.042256092184998,1.0650111820659909,1.059439772826253,1.018047476302035,0.9919570236673577,0.9893844946635707,1.0028547709002817
2025-07-15,1.0753515447090845,1.0058639602878099,1.0461374649689597,1.0716506814486804,1.062206918935746,1.0255378061170681,1.0003088560708315,0.996848817636585,1.0073927922520658
2025-07-16,1.0744600891151712,1.006259420732707,1.0443915905860865,1.0702438737905597,1.060699982576904,1.02625830442775,1.0015936731014532,0.998229772099427,1.0080425089654268
2025-07-17,1.0715808741050343,0.9956002776289193,1.036812976555304,1.0656920592395842,1.0523940717222227,1.0219734930702238,0.9968340981460333,0.9929086446867449,1.0040202002548733
2025-07-18,1.0697111531978933,1.0006887900457366,1.0370851075821872,1.0638161039795166,1.0537387993101572,1.0193603599502634,0.9935260311428249,0.990029871147818,0.998300740903517
2025-07-21,1.071650458724015,1.0119291921686635,1.0480518107993329,1.0691646915242765,1.0658895877337908,1.0212856977958675,0.9953478965514783,0.9928987893812081,1.0031905619901198
2025-07-22,1.0703751403158206,1.0126922071517448,1.0505353413253644,1.069627107331696,1.0684116191501185,1.0185502238721433,0.9909206221704153,0.9893389323190747,1.0019991283488034
2025-07-23,1.075570636360262,1.0104592151598537,1.054108399962335,1.0747922797054348,1.070934973429376,1.02293298596104,0.9944230159014784,0.9925990509260015,1.0083563564979987
2025-07-24,1.0651391042571716,0.9866021541994296,1.037365877158291,1.0662854929537577,1.0517629826965527,1.0121324951861839,0.9841780176867644,0.9814071318454687,1.0020470761927944
2025-07-25,1.0607564167166958,0.9823667051980074,1.0314661022554676,1.0612383831535157,1.0461119445632232,1.0047887030300942,0.9762202376287389,0.973645524002194,0.993047015984671
2025-07-28,1.0596931339961184,0.9798985523999929,1.0315481870837806,1.0624054708865078,1.0459926090084741,1.0029522453947297,0.9739786871504791,0.9713732149201804,0.9868057528978966
2025-07-29,1.0609814208725685,0.9817509096453299,1.03279048512768,1.0635422807345383,1.04734082893068,1.0069781412598409,0.97953986005641,0.9763376475418294,0.9924112775515613
2025-07-30,1.0627071213196844,0.9817069988644137,1.0347386658219617,1.0659410189991319,1.0485306786196529,1.0087836645453359,0.9807385668705696,0.9779253181353004,0.9937687325549696
2025-07-31,1.062759065659956,0.9831420685393548,1.035626744712716,1.065474002666715,1.0504065368275959,1.0071932134443207,0.9780560405451248,0.9756943685453652,0.9903021971435736
2025-08-01,1.0538222357956502,0.9640396418146565,1.023335476227729,1.0533862093578614,1.038012052406188,0.9966479782459596,0.9655539847561272,0.9635089526916208,0.9821857360474312
2025-08-04,1.0589256857628226,0.9636758359652368,1.0245737815756584,1.0574840804372891,1.0385351746924352,1.0054659592823951,0.9747618889152259,0.9719532819880804,0.988479007707655
2025-08-05,1.055285613921807,0.9600313057699679,1.0196906897970206,1.0537949241108313,1.0340954346865654,1.0033055217690279,0.9722057338962498,0.9696488717301659,0.9855523150413871
2025-08-06,1.051032318448596,0.9649858466299537,1.0227020900887287,1.0506506059108864,1.0383700017239221,0.9978704082673004,0.96609859119351,0.9643801507493938,0.9825395661469792
2025-08-07,1.0538297871129483,0.965689169058372,1.025300631349644,1.05329700024167,1.039696407182482,1.0038876391755887,0.9732360258804028,0.9711868908526547,0.9834172303466746
2025-08-08,1.0507272309016624,0.9599021793436187,1.018813832794042,1.049747015141874,1.0332133830518704,0.9978484989117306,0.9655716229698904,0.9637868234632018,0.9741073052444867
2025-08-11,1.0525515290727403,0.9638309602930923,1.0216859362086006,1.0518532601543942,1.0367204289379488,1.002569715157262,0.9726192281382168,0.9705282871189594,0.9829734394714305
2025-08-12,1.0495007146204958,0.9614635767593686,1.0179056474140005,1.048840120437074,1.033547617146061,1.0026171504487484,0.9739171770967329,0.9716945193511625,0.9790691261880269
2025-08-13,1.0548131167193187,0.965297507901413,1.0221837448907094,1.0542415549420796,1.0376547750358387,1.0086900152008613,0.9808595977143277,0.9780939577988601,0.984344794664139
2025-08-14,1.0552495789874612,0.968893068190309,1.0251736935794231,1.055025687017811,1.041266702485113,1.0082094240395798,0.9803883057480899,0.9778970301405068,0.9848226331940737
2025-08-18,1.0605684440476115,0.9743684446565927,1.0306646579064513,1.0606380703287466,1.0470420289449436,1.0178395498586938,0.9903388151590601,0.9876508788057359,0.9946442882989847
2025-08-19,1.060777234185083,0.9701478600930423,1.0278349609120851,1.060456240963721,1.043378385720504,1.0221169806010777,0.995485268595782,0.992298445540208,0.9987905273489739
2025-08-20,1.0658130728060107,0.9723540227382248,1.0309775100140024,1.0649871010141228,1.0465644767153561,1.0270541646339149,0.9997944906042535,0.9970213516218419,1.0015853243987913
2025-08-21,1.0690988356837705,0.9742807652616404,1.03280233588987,1.068072536708018,1.0482721982550656,1.0281441364935622,1.0004316588310622,0.9977508743586294,1.0029127143860166
2025-08-22,1.0632356767825761,0.9691949416518312,1.026689268301495,1.0625261885641475,1.042277860059589,1.0218258871835837,0.9937109168823939,0.9915206677832679,0.9943704233333888
2025-08-25,1.068346080717277,0.9724252820474493,1.0285860454667208,1.0663845034634152,1.044921800215063,1.027825273463555,0.9998677140674636,0.9969690973164395,0.9982747366167923
2025-08-26,1.0650688620426747,0.9658314704136054,1.0219661811273233,1.0617803988891348,1.038064870677885,1.0225931786489668,0.9923308034683553,0.9895050129808936,0.9880512254773914
2025-08-28,1.0577072547883533,0.9474703258323669,1.0072162256697337,1.0536685665119567,1.020644540264977,1.0162444465130276,0.9849444728954118,0.9816281908887149,0.9796088908422039
2025-08-29,1.0623952297309445,0.945098031692763,1.0076824846160455,1.0576874092652149,1.0197837618282326,1.0172791355576223,0.9838816716347852,0.9808777265246447,0.9766481505212454
2025-09-01,1.0672572966619218,0.9512950558371618,1.0145351556105893,1.0625140800118857,1.0266596483785555,1.0245843687749363,0.9913048807560451,0.9880218572886376,0.9845727421504733
2025-09-02,1.0652288213712018,0.9482569459840896,1.0114506272760093,1.0601997845713782,1.0231220456580299,1.025519638140585,0.9923298317623191,0.9888170816127588,0.9827554876268402
2025-09-03,1.0725922788509032,0.9579326492566026,1.0186396456037887,1.0674033318026952,1.0310954688694527,1.0312278031832907,0.9969800426836845,0.9938797985849397,0.9881711731783197
2025-09-04,1.073438058829974,0.9546006555987536,1.017964930656165,1.0678206313612753,1.0296847465963235,1.0300987035444147,0.9944870400056948,0.9914958819540172,0.9889408375926091
2025-09-05,1.073319094251905,0.9589767578161412,1.0207164530085207,1.0687678303657902,1.0331240243400837,1.0276875593649553,0.9913760421844402,0.9885232784969309,0.9892086895549682
2025-09-08,1.0765657111835296,0.9698812496053556,1.0296159923078012,1.0729917129357773,1.0428693305354766,1.029058423911518,0.9919450187108764,0.9890159149983596,0.9904941447014391
2025-09-09,1.085925767628305,0.9725959513714327,1.0344720022430962,1.0817033485716123,1.0476134866573559,1.0366842876551634,0.998185090385799,0.9953045220785698,0.9943104494829247
2025-09-10,1.0879088407586093,0.9672754898590703,1.031705592069498,1.0823879217796204,1.0441629293643473,1.0423413527746659,1.0054691301861705,1.0019287220010824,0.998488627731924
2025-09-11,1.087488002156537,0.9683033547310729,1.031288355470421,1.0814077298293856,1.04392439364774,1.0440443036373859,1.0082633073881448,1.0038271049248133,0.999784078520139
2025-09-12,1.0908969199304845,0.976800355611458,1.0392313625119252,1.0855565339764912,1.052368352438824,1.047303481065582,1.0115271939749322,1.0074305612410894,1.0041221870370427
2025-09-15,1.0871680776518369,0.9749861208414164,1.0366336620160541,1.0820614935497914,1.0499581785764796,1.0444318064103295,1.0092559797678753,1.004947812134123,1.0023309368001343
2025-09-16,1.0943279926565397,0.9836879596134488,1.045095691798307,1.0892007698916628,1.059070657601161,1.051138610739696,1.015640483003991,1.01134776946862,1.0091239905475589
2025-09-17,1.0917212347155825,0.9850326828264084,1.0438322967284395,1.086487515661302,1.0587101070462372,1.0519849188720205,1.01863570021182,1.0137877019319572,1.012768417145618
2025-09-18,1.097659294197483,0.9872686224980161,1.0480646553436372,1.0921304960520357,1.062578221483668,1.056948101818848,1.0233229239815038,1.0181884860966899,1.016500774154644
2025-09-19,1.0930368617392856,0.9827493158477953,1.042405605764333,1.0869929261728435,1.0569269203721476,1.0537697132128754,1.0206964267345517,1.0152210806931163,1.012640504167675
2025-09-22,1.0935364288682714,0.9889844298375419,1.0460435206050964,1.0887013466845843,1.0609921618095655,1.0484110367647428,1.0116616304349262,1.0072839825197155,1.0076546312111883
2025-09-23,1.095737789296205,0.9965898687948485,1.051677237460547,1.0911699248968207,1.0675764595047847,1.047642205927557,1.0086411912260902,1.004837941024752,1.0063412195042145
2025-09-24,1.0917750233356533,0.9941064051652642,1.0488007523406029,1.0875314254570039,1.0647670549285064,1.042890361372188,1.0030938234875206,0.999782998076403,1.0018391980808992
2025-09-25,1.086828544824937,0.9927782879504333,1.0462629889709194,1.0832340802882776,1.0624428797048382,1.038002484105491,0.9982771122339952,0.9950272757421729,0.9952000615981422
2025-09-26,1.0786655751311645,0.986393269008629,1.0399250963564293,1.074997915192561,1.05607303619724,1.028862432651735,0.9881659945293253,0.9851331940556624,0.9857581627885529
2025-09-29,1.081913319483141,0.9919080514096894,1.0418396415876197,1.07780649260318,1.0581483557101545,1.031690754808334,0.9895613492166557,0.9865833527033843,0.9849665548169974
2025-09-30,1.0807425304582772,0.9884589236963431,1.0405800977067017,1.0768683961051444,1.05664997629296,1.030046961641471,0.9877978747701162,0.9847570729180195,0.9840149384865864
2025-10-01,1.0951932414140204,0.9965533279384101,1.0519045988632294,1.090883407967132,1.0676542364371386,1.0411814855258683,0.9972559102304367,0.9945762245706855,0.9930190594241682
2025-10-03,1.0926831098316534,0.9954124486911919,1.049641749180916,1.0885297999152572,1.0656494656240842,1.0423183377555285,0.999779576967121,0.9969837659027214,0.9953360179440511
2025-10-06,1.1027270268774854,1.0075946864826177,1.062049548423757,1.0987989941896052,1.078678160977551,1.0513591421155213,1.0076842991134107,1.0048749422578274,1.0026688363456526
2025-10-07,1.1059306239818492,1.0086097005568837,1.0652025841337165,1.102285982016175,1.0813019576185796,1.0520048945148621,1.007812224839991,1.005675380394646,1.0038943176416595
2025-10-08,1.1082671351584932,1.0095323568456973,1.066281411376258,1.1042444175075095,1.0823404438570596,1.053832384725564,1.0071028844751364,1.0054252882916854,1.0014093854859065
2025-10-09,1.1124547639544997,1.0129630892204997,1.0676829520992863,1.1081244807209008,1.083961724884588,1.0617396174548461,1.0167151056205812,1.0141858096039318,1.0068330363144007
2025-10-10,1.1166040806683775,1.0191731317983705,1.0739998647917743,1.1126064066736205,1.0907578189713123,1.0650401091624417,1.0209068023704093,1.0181059376324357,1.010973184270202
2025-10-13,1.1210324978251867,1.027388260031658,1.080598108149436,1.1175553465778598,1.0977825547011626,1.0663991220040216,1.020784868458099,1.0189110927080243,1.00865419538559
2025-10-14,1.125259417153221,1.030433503492591,1.084483935498179,1.121839526362612,1.101455850165486,1.0665445196960326,1.0183736742101717,1.0174543241769847,1.0053816378967888
2025-10-15,1.1287553802678298,1.036286255596309,1.0882148738198076,1.1252851591807802,1.1055006517883799,1.0732506324086108,1.0260018220619176,1.025298593247232,1.0125005651832588
2025-10-16,1.136714795279932,1.0407192348837395,1.0955857629512966,1.1333263595573382,1.1123126196777493,1.0833383462289141,1.0363020444249842,1.03548393107477,1.0229660020892453
2025-10-17,1.1520432921304022,1.049142389600842,1.1078966822144827,1.148376092756083,1.1238483941946205,1.0903692280090012,1.0387249272047085,1.0391367961888403,1.0279457839515442
2025-10-20,1.147353974212598,1.0487391155344186,1.1015257445251951,1.1432029275092028,1.120042227436521,1.0939484540801954,1.0467733844056644,1.0456531314159736,1.0332754913658349
2025-10-21,1.1487378174048524,1.049371271385201,1.102160913807049,1.1444312499516698,1.1211312720775675,1.0944032412113909,1.046584511257445,1.0455361104658778,1.0342930164589954
2025-10-23,1.137327671776858,1.0343520976009526,1.089843938021377,1.132470471534264,1.1084740070628625,1.0919222649972544,1.0491747756929286,1.0454526153660935,1.0352046502224304
2025-10-27,1.133878887084306,1.033469278368281,1.0875874316758742,1.129192903180467,1.1060826782330067,1.0920891052476644,1.0516778971043315,1.0474418355172588,1.0381893644653843
2025-10-28,1.1225271495311993,1.023964965287139,1.0773243821359708,1.1180748644630898,1.0962583442671,1.0847005173171325,1.047741335892723,1.0426077363298458,1.0369958223683877
2025-10-29,1.1307612040735977,1.0313973313040166,1.0857294756144706,1.1259457324840372,1.1047701761589526,1.0920629205238148,1.0528375031348398,1.048052408321406,1.041701817356042
2025-10-30,1.1228738216634913,1.0258827441488185,1.0819368666287144,1.1184344612909871,1.1003456151862803,1.0860449512907255,1.04715792587667,1.042634634870353,1.0346628552035242
2025-10-31,1.1208450889698462,1.0211806218630475,1.0787225937341403,1.1160993381110336,1.0968948967884238,1.0859809513921626,1.047358796174697,1.042134960259712,1.0284355703970012
2025-11-03,1.1181630730872518,1.0181604251871506,1.073738002172184,1.1135982796281658,1.0925459085883353,1.085529991200966,1.0477957458867604,1.0423662335664576,1.030084851284764
2025-11-04,1.1116122547217404,1.0103621604691353,1.0668213173287335,1.1083654008921677,1.0855009950658918,1.07848195928679,1.0401407620851015,1.035044004860938,1.0234597711732096
2025-11-06,1.1107757033556191,1.012658954861701,1.068343767078394,1.107884816179819,1.0870291537465897,1.0770688540846964,1.03835819246606,1.0333582368225784,1.0199432575530936
2025-11-07,1.1100888948959367,1.0094037058189704,1.066270544281742,1.1075610431337422,1.0849665549318976,1.0747437903793506,1.0355269585195228,1.0306124381748591,1.0192476233604708
2025-11-10,1.1169124787202287,1.0170802224023694,1.0741461190383932,1.1146643813576238,1.0929852743352657,1.0825872043618132,1.0429757906504864,1.0380432027510098,1.0225281461262867
2025-11-11,1.1255136702251645,1.0280539902967794,1.0822306842946081,1.1226338636976774,1.1011325228181787,1.0915090714876154,1.0521307950902081,1.0471699467584483,1.0273500280854106
2025-11-12,1.1298689215884967,1.031201419437672,1.0849299305779736,1.1249420224706035,1.1038481035944951,1.09977020605961,1.0623833517851964,1.0565790518133045,1.034580937795794
2025-11-13,1.1353047729420085,1.040427229283437,1.0933798777135026,1.132634714830438,1.1123803131051433,1.1040206559142152,1.064599856063334,1.0597508747626194,1.0347148637769734
2025-11-14,1.1352860026489366,1.0360382184848826,1.0916042518160058,1.1316470746305227,1.1105818491326613,1.1046452762456351,1.066378172178172,1.0609598221326193,1.0359503407147244
2025-11-17,1.1332468257535013,1.0358452609376267,1.0939122803785741,1.1324707748352616,1.112978623492246,1.107820999165293,1.0716160115282487,1.0659272274726421,1.0400844756672891
2025-11-18,1.1292717504349379,1.0339356525032701,1.0917143480517977,1.129229265983556,1.11074464539512,1.1034378257018675,1.0679531282687071,1.0621031488946033,1.0359503407147244
2025-11-19,1.1382206515557227,1.0371240481220787,1.0949054707091954,1.1356438727852747,1.1139704221572257,1.1127061574286892,1.0776563921541669,1.0713425267637908,1.0416518391473217
2025-11-20,1.1368490821509105,1.0359711018888844,1.09294134071203,1.1336545020440318,1.1120227526578674,1.1122953581421817,1.0780202952125029,1.071982585089435,1.0472294072404837
2025-11-21,1.1377569781211148,1.0427095365472911,1.0972217725091398,1.1348945115748217,1.1162984692100544,1.1124275782760706,1.0772277141947277,1.0714271809780196,1.042271568935451
2025-11-24,1.135583057984466,1.044615085354764,1.0977576618545348,1.1340621945028,1.1168199508846746,1.1101629302385105,1.0750358470779473,1.0696320797509076,1.0379274474153106
2025-11-25,1.1378158436599721,1.053626418032655,1.1047325584887424,1.1384325455398827,1.123771535768851,1.1121828580811315,1.076608145481909,1.0716856177710403,1.0349407808985784
2025-11-26,1.147734957337373,1.0663745539694534,1.1159047896358263,1.1487389255778089,1.1351285248390386,1.124209116821051,1.0891844094601402,1.0839919787839152,1.0477551936144092
2025-11-27,1.1491774517353992,1.0607449616038924,1.1087938801324813,1.1466310371709614,1.127917564735191,1.1235136560028174,1.0882669908479832,1.0830511611435463,1.0481650149259139
2025-11-28,1.1534471469228258,1.0644750735202515,1.1112572843070398,1.1496073700219762,1.13036364966242,1.124861568355169,1.0888219099232812,1.0836643638201253,1.0476611721092546
2025-12-01,1.1566698714399888,1.0662461893702415,1.1160558657006487,1.1544513947037438,1.1354205502336514,1.127210047956003,1.0896221137066788,1.0849643379846194,1.0465736775238859
2025-12-02,1.1526123300060487,1.060376929977862,1.1117929196546374,1.1512338894025809,1.1314675471881344,1.1230018947703464,1.0860583911530974,1.08105891497652,1.0408341487980906
2025-12-03,1.1556342923951475,1.0527842836137744,1.1052710426003198,1.1489244244570147,1.1252546905260872,1.1203018536827534,1.0819432822634654,1.0770004419375439,1.0389869854401765
2025-12-04,1.157942915257104,1.0479792129367642,1.098904486531012,1.1457313294926397,1.1190903576681699,1.1219724528224093,1.0848225106778553,1.0791281799206398,1.0408961530132839
2025-12-05,1.1564121936132956,1.0525793839944826,1.109083923028572,1.1520923947479849,1.131272146938171,1.1254461064294008,1.088617759288447,1.083544098656884,1.0470014597541495
2025-12-08,1.1509240218205266,1.0225717189560062,1.0888514034159382,1.142197013697001,1.1140785908368187,1.1134261417728495,1.0746931574349665,1.069332775627629,1.037969460347016
2025-12-09,1.145188761892848,1.0133781070081915,1.0855466981881083,1.1387086226480503,1.1116077463928593,1.1088719051087936,1.07013737887846,1.0648930021278582,1.0331355523814187
2025-12-10,1.1439515928479225,1.003433659320736,1.078643198481471,1.1353752766441612,1.105741208542099,1.1048971169132913,1.0652168664994504,1.059251008380203,1.0298709601696323
2025-12-11,1.1500938076655522,1.0115844789914072,1.0866653579438192,1.1439226394138124,1.1139336621476763,1.1117390629711974,1.0723264260840881,1.0667270484491649,1.0354905411944995
2025-12-12,1.15319947380252,1.0233499565045492,1.1000478497489328,1.1532824577687015,1.1274926600445627,1.1191745267721973,1.0793531658736717,1.0744745121441701,1.0414238916609875
2025-12-15,1.1604393007752836,1.0297345624442806,1.1081013289359707,1.1604454622724987,1.1351463536965538,1.1231770363265416,1.0811931277187712,1.0768614819429918,1.0406382966926686
2025-12-16,1.1534050298209682,1.0250931417617524,1.1021858016367807,1.153974606107364,1.1291574984292447,1.118117522127586,1.077096970221046,1.0726928845786008,1.0339531646396989
2025-12-17,1.153269535275402,1.0217116217878552,1.1038934107944067,1.1554042961344992,1.1317419496432861,1.1184696667938738,1.077530947585654,1.073024262860759,1.0322919358364138
2025-12-18,1.1540121346355925,1.0236047188423898,1.107407474706491,1.1556205622240203,1.134815031766961,1.1203716225471532,1.0801482977703007,1.0753266663038978,1.0321719881354856
2025-12-19,1.156155131307039,1.0279867725171474,1.1118384529097183,1.15876058050244,1.139021276238908,1.1250680987066157,1.085927637397379,1.080808608706516,1.0382033427456356
2025-12-22,1.165027172774295,1.0319809195827157,1.1192636685766402,1.1667047190057651,1.1468560986570222,1.1334596415490814,1.0939491241460388,1.0888247614537125,1.0464397515427062
2025-12-23,1.1695269674301403,1.0376055387490861,1.121545375999355,1.1702602566472353,1.1489125377967813,1.134268533299278,1.0923993754104133,1.087630786099156,1.0466296687358425
2025-12-24,1.165288118465722,1.0344343165746397,1.1186755722766537,1.1671470735275524,1.1466346865198218,1.1296477211098197,1.0869446272713683,1.0821449879419078,1.0452282485269508
2025-12-26,1.1638802946195057,1.0324609085608196,1.12051674114507,1.1700413819728004,1.1491247314527473,1.1297194060119464,1.0855822422645252,1.0812035986471842,1.0412380351973096
2025-12-29,1.1596995217677306,1.0258923680232412,1.1171105597545643,1.1676628865252743,1.1461520641908607,1.126359368924474,1.0825999192762779,1.0779377700159527,1.0372317351317366
2025-12-30,1.1557802287333092,1.026019375797361,1.1130083038554028,1.1630806598448096,1.1416391516961022,1.122798248970864,1.0807358458721055,1.075994695800329,1.0371017917890644
2025-12-31,1.1557050807780571,1.0286495071835768,1.116364719711587,1.1654238585971073,1.1450872222640023,1.127578501504618,1.0870897698636395,1.0820245349461826,1.04472846643975
2026-01-01,1.1390200330408702,1.0346466293517982,1.1210242306099223,1.1666908936084626,1.149403603727695,1.1243031116860969,1.0856626805106215,1.0816043566260702,1.045406217804565
2026-01-02,1.1426766724507942,1.0463221509161118,1.1318107285161296,1.1771806854347233,1.1596300341026133,1.1296487475883827,1.0910308941334212,1.087381286491248,1.05268304499421
2026-01-05,1.1443876873378054,1.051131332028979,1.137869973436178,1.1827653272852419,1.1673870444645034,1.1311206335776978,1.0902558234582824,1.087140707385643,1.0495544091283324
2026-01-06,1.1485002305958967,1.0475601603516174,1.132552393504908,1.183371307063004,1.1645444092060762,1.134363767118487,1.0935636583436545,1.0899096575765341,1.0466915948600848
2026-01-07,1.1473878865103218,1.0405003369929582,1.12379475863886,1.1759941450468052,1.1553086063864688,1.1356663888917091,1.0971399543129294,1.0935730440830482,1.0451742876797234
2026-01-08,1.1368487041723117,1.0282836371451733,1.1110140235007575,1.1663169016194528,1.1431015546319705,1.1215277393375191,1.08122335410223,1.0786727558486557,1.034622872636548
2026-01-09,1.1326442586177703,1.0250027881069899,1.1098005362140162,1.1647426034924049,1.1421520686343067,1.1174387229844878,1.0763166116759757,1.0740057851118494,1.0268842936529003
2026-01-12,1.143854552133567,1.0292384129918373,1.1185106255291064,1.1770740922001255,1.1527700055608228,1.1241602197812575,1.0793734294819033,1.0776507830459863,1.0311603979546107
2026-01-13,1.1413463743843555,1.0227674296372526,1.1110362994071439,1.1733785820347526,1.146618347485236,1.122089425136469,1.077847663823461,1.0756429099952582,1.0288434394347277
2026-01-14,1.1341496680941254,1.0174154055360238,1.1073794020792413,1.1691414252150119,1.1431148535751063,1.1170878676135938,1.0719996373493221,1.0700219731446585,1.026176555362853
2026-01-16,1.1395261479775871,1.0339671590529989,1.1214980801003587,1.1799822355008722,1.1557994410964882,1.1239567083694413,1.080184159290808,1.0787256185814451,1.027326054163415
2026-01-19,1.1488186394071922,1.0607406452478003,1.1407899059118969,1.1959157310996775,1.1735943808408758,1.1306224654970696,1.083337834327018,1.0838892051283584,1.0229739673662601
2026-01-20,1.1448125862417546,1.0529578859307678,1.1372930904224487,1.1974026326798926,1.171695248434419,1.1214866971959438,1.0689896000241423,1.0715329216613034,1.0088601212237072
2026-01-21,1.1580097268671423,1.0735005520027752,1.160160639299322,1.2184277129056564,1.1943613360576084,1.1286372163224545,1.0682707747160334,1.0734657921047746,1.0058614287005017
2026-01-22,1.147412362486538,1.0522567525371085,1.1385247220665777,1.1967908321280605,1.173045277662394,1.1241697662289718,1.0737809989508202,1.0750767232953065,1.0111551361863238
2026-01-23,1.1519984019166731,1.0467094900703495,1.1335077538332239,1.1965624488491386,1.1681585529568004,1.12154333722582,1.0670567140292215,1.0685031286612126,1.0015093419033467
2026-01-27,1.1627964771628425,1.0587140174832825,1.146390435184709,1.2124152347814428,1.1819407381312903,1.1316619838629092,1.07486257795587,1.0778225039364027,1.0065771322675636
2026-01-28,1.1702875449464747,1.0686258483338678,1.153065981753682,1.2196376454603646,1.1873911353510311,1.1392325279067852,1.0807595394798508,1.0833839348388803,1.013268199232819
2026-01-29,1.1851160202225985,1.0939352029721077,1.1760476686539076,1.2436685980310596,1.2097514240954692,1.1495983570816128,1.0825334047506352,1.0881525645769041,1.0163128873262368
2026-01-30,1.1578337287094527,1.0574800608596537,1.1392616272361413,1.2064628901453571,1.1738144138221298,1.1329030757110967,1.0785000313571862,1.0794003556375267,1.0123846001208379
2026-02-02,1.1265273342318791,1.0221635530883917,1.0954416628597519,1.1598655695441258,1.1261495560320014,1.107546632346861,1.063420867896704,1.0617610234549963,1.0030986489406455
2026-02-03,1.1555253113197097,1.0552214751852405,1.1296981901084757,1.1922603595735124,1.1615365228499477,1.137359499219805,1.092493692393941,1.0916080784231892,1.0286535222415913
2026-02-04,1.1614345642397264,1.071437945992317,1.1464304795769085,1.2071725674844058,1.1787884860574764,1.1408763070568266,1.0924917874031972,1.0931910952855335,1.0305906463752015
2026-02-05,1.153785664143597,1.0596188416383898,1.135343046475213,1.1978157273884775,1.1674562176300662,1.1344096051503847,1.0876903943737883,1.087580041956555,1.0252649996903693
2026-02-06,1.1609496075776915,1.0561726835414427,1.1321658375935553,1.1994629958388288,1.1644586317687327,1.1368279559012233,1.0873287753081953,1.0861390892257972,1.0273000498766904
2026-02-09,1.1706394792334212,1.0822772367990163,1.1596965701587023,1.2177713801570889,1.1930108775311885,1.1463877247994616,1.0963808939681718,1.0962860530334915,1.0342410859764972
2026-02-10,1.1719798039027889,1.0784470342630608,1.1583004573546392,1.2195057038365469,1.1922649014261684,1.148063263877697,1.0974026418422251,1.0975910561529965,1.0369538875276334
2026-02-11,1.1753280327981197,1.0981620831409271,1.178355104570039,1.231156449316802,1.211924911958336,1.1528223169565972,1.1025613665152292,1.1029742145675343,1.0377015302937056
2026-02-12,1.167832299661929,1.0993854863488342,1.1788259406264303,1.2285502603377572,1.2126549032643166,1.1459125890080664,1.0952735547265897,1.0956672108002103,1.0318380712284745
2026-02-13,1.149931867536673,1.0899011679167259,1.169468139621597,1.2120499580846056,1.2027634826396696,1.130530071931183,1.0822554164989213,1.0830936515767737,1.0183999460860074
2026-02-16,1.1576809806856698,1.0904002588605894,1.1711126808837817,1.2183725357498378,1.204976827332513,1.1369102735389078,1.0881019556584148,1.0886918099049885,1.026862272004683
2026-02-17,1.1609118115708692,1.0904798716132658,1.1700277538211137,1.2169402437284536,1.203702217022896,1.1416149257951707,1.094318344294842,1.0935687686420767,1.0285675441044027
2026-02-18,1.1660198271823725,1.0944871529701976,1.1744939081743822,1.2210054368306191,1.208147419502034,1.1450429676861307,1.096212178970491,1.095270040425074,1.032323875035424
2026-02-19,1.1560909774159425,1.0859435329391545,1.1665458595004663,1.2119084078768174,1.2003145425360313,1.1343303746891948,1.0849937505255611,1.084338430800798,1.0177302380891582
2026-02-20,1.1624719375843415,1.0957420277353325,1.176578535939826,1.220355371765908,1.2102546367050222,1.13995291621513,1.089553057365492,1.0886900809006312,1.0224042157868511
2026-02-23,1.1729918126774839,1.1083048969250255,1.1907524346381373,1.2348399049508703,1.2248619154886629,1.148080985679026,1.095901349553934,1.095794924323828,1.028071744655709
2026-02-24,1.1681070508713562,1.1103569784724674,1.192059626551878,1.2336231393351578,1.2258926776484165,1.14178359207338,1.0878686064168488,1.0878396349719046,1.0165427870863493
2026-02-25,1.1724488406535598,1.1192340616825394,1.197310469838315,1.2369647478992392,1.2302063656387208,1.1495582888352225,1.0975888915070735,1.097142447813836,1.0188557629677248
2026-02-26,1.173512177249017,1.1216203250117096,1.199306295245338,1.2375119705444908,1.232045480588024,1.1521192220542074,1.1013640765427526,1.100281791746365,1.019417549270119
2026-02-27,1.1597230295871341,1.1188449268140992,1.1941496500710547,1.2266589047537777,1.2262985225520042,1.1402223373859457,1.090307522209942,1.0900443784477365,1.0067070756102359
2026-03-02,1.1601984394720233,1.1198582482942523,1.195246931260904,1.2259514480526386,1.2277226113445148,1.1332772557283683,1.079343352378813,1.081200805361165,0.9941944844205038
2026-03-04,1.1428567408025063,1.093755429473078,1.1686300458339063,1.2027392055369828,1.2012930340769223,1.1167561811558386,1.064899809382178,1.064970063984821,0.9787932308577018
2026-03-05,1.147455997644975,1.1006144224450984,1.17382920130863,1.2072455271513904,1.2055254984131825,1.1250692174610917,1.0746283584255076,1.07407330217036,0.9902042710908626
2026-03-06,1.1349608570903253,1.092266621902419,1.1607353612250213,1.1929873786626994,1.1923244365253267,1.1175179979633065,1.0692058164368545,1.067650885441206,0.9775917234836904
2026-03-09,1.116502701653382,1.0611631453631178,1.1327334078231477,1.169185707067695,1.1658090116357434,1.1010181505348473,1.0533599872381072,1.0508925615387918,0.960703149665759
2026-03-10,1.1264871479801282,1.0656754071947903,1.1456486392193173,1.1823533322857278,1.1800478015489617,1.111804134408418,1.0638093005630618,1.0620543488082816,0.9700410313284497
2026-03-11,1.1145234573775364,1.0488073087914027,1.1279218215240225,1.1662329394479902,1.1615765748359812,1.1006045781084273,1.052776560347863,1.0509072969551245,0.9542579130146457
2026-03-12,1.104695423577037,1.045004694312468,1.1207355122461915,1.157796175927057,1.1543449393859804,1.0913526686416735,1.0440216522597825,1.042475490206816,0.9451539137505749
2026-03-13,1.0895308128511685,1.009344315939534,1.0875271413155727,1.1372920641999344,1.1234371571297164,1.0713943132140047,1.0228750984715542,1.0205642563235433,0.925640390701523
2026-03-16,1.0959688446921232,1.0088791917644588,1.0874917181028145,1.1400188935575126,1.1230947954497599,1.07491294931808,1.0262901487056757,1.022698145354199,0.9359439450658271
2026-03-17,1.097688052297932,1.0212443201417307,1.097587028123207,1.1450210274050778,1.131711919414364,1.0789765498772308,1.0306391351464361,1.0281103391676374,0.9428349248659628
2026-03-18,1.0999778384589673,1.0371137578226841,1.1109579854058602,1.148914871098784,1.1431630582614503,1.0859745559314107,1.039899728061055,1.0368261013220543,0.9506975122799973
2026-03-19,1.0658641602181125,0.9998369161439391,1.072150029632106,1.1138152934876133,1.1050402271254796,1.0548129393056709,1.0105523897071087,1.0063353147085439,0.9196850185868177
2026-03-20,1.0693793252170791,1.0024567043164325,1.0785916905736876,1.1182398695392042,1.1120513140968444,1.0638175204673597,1.0212743144968308,1.0157621173156293,0.9241770443683891
2026-03-23,1.0342649421601784,0.9539146810495016,1.0246399389544323,1.073087925252256,1.057172146573302,1.0342749114016552,0.9964578258944422,0.9865563787204973,0.900113552052031
2026-03-24,1.049892013096869,0.9800146057348808,1.0512606670009466,1.0934896932901221,1.0829122568393752,1.0539690871776322,1.0161440281060767,1.007588012962217,0.9160965832007154
2026-03-25,1.0709958225335618,1.0068646246465067,1.079576832577411,1.1218714878531402,1.1122601578817168,1.0728037992059347,1.0327210573027426,1.0260453341411886,0.9318516668630654
2026-03-27,1.0554566267863366,0.9903676645311957,1.0586378601439823,1.0998669691981156,1.0902511140360205,1.057324320154377,1.0184985005084837,1.0109889145088133,0.9123861697489556
2026-03-30,1.0390610312795163,0.9714206247011966,1.0419691916231886,1.0848113829134762,1.075091914819563,1.043511469131133,1.004039956340645,0.997867164469772,0.8928667117876182
2026-04-01,1.0501553816864435,0.9912318398214716,1.0659140676225782,1.1028354388138915,1.1001544117755335,1.0576917623398325,1.0184581394087393,1.012603855382662,0.9067806450952909
2026-04-02,1.0494357020557907,0.9767617775545785,1.0580191504249752,1.1013795954159953,1.0895575697775846,1.0600066525858531,1.0212102960371183,1.0137857225919702,0.908128026366004
2026-04-06,1.0546181478714882,0.9949913794504476,1.0719074335707848,1.1070843080269763,1.1059118527202427,1.0692623431030457,1.0312034201413067,1.0245285533603883,0.9183295939481387
2026-04-07,1.0630102400547856,0.9934907369428785,1.0715603532888622,1.1139251470182663,1.1050017257147824,1.0754474522040232,1.0365728330165647,1.0286921478356716,0.9245429004744103
2026-04-08,1.0787493833702035,1.0302543459921703,1.1007598599459723,1.1306214248378728,1.137817907799448,1.0992678609076296,1.0624433071447237,1.0548900804597743,0.959475638005023
2026-04-09,1.0764899686311753,1.0211045486329342,1.093675439931661,1.127691987193762,1.1300494343724548,1.0945712675818555,1.0569077942477025,1.048891965513691,0.9505895124945912
2026-04-10,1.0805982659059878,1.0456791331895645,1.1126598987696121,1.134033705881412,1.150689963179344,1.1032171978768124,1.0664151546692968,1.0596205472722604,0.9616047096964987
2026-04-13,1.0713870583763627,1.0320994784229287,1.1010019769096957,1.1242115239159312,1.1377198401238342,1.0911039246422918,1.0541950894929684,1.0484679009393714,0.9532903661302052
2026-04-15,1.0844254104788529,1.0384951642098026,1.1079397610868864,1.1376512728352584,1.1448208302647516,1.1074262361124603,1.0711203166478689,1.0642447068673886,0.9688296064036455
2026-04-16,1.0800698541429865,1.0321467996116545,1.0980529402310941,1.1312491641372093,1.1347138867517026,1.1048469702752808,1.0690546424856948,1.0617838438447853,0.9674481774782417
2026-04-17,1.0930009547602721,1.044695893614454,1.110270920661866,1.145694503840174,1.1474627700195228,1.115200428129772,1.0779978140957782,1.070193692683029,0.9737174752164701
2026-04-20,1.0928518981075035,1.0522794738062433,1.117601826493626,1.1468172284480298,1.155707728730063,1.1143395179061923,1.0770712953463542,1.0698174542537446,0.974169231368729
2026-04-21,1.1031637548581887,1.055375431641596,1.1182310465281653,1.1557845137047442,1.156355612337596,1.124655834568098,1.0857642691421516,1.0775119262005763,0.982635539925912
2026-04-22,1.1037203927819894,1.0515065263410324,1.1152908864745057,1.1588944809717179,1.1520344435968042,1.119368030293019,1.0789499704435235,1.0715719595260575,0.974699000381162
2026-04-23,1.104392945598262,1.0379656373550619,1.1078900547176451,1.1592960212637566,1.1423991493068775,1.118310573375993,1.0769165908381595,1.0695002441991204,0.9665006218772892
2026-04-24,1.090181086183064,1.0317834318532766,1.1040858351560399,1.1482673355398703,1.1377658845510599,1.1014895380931766,1.0595332396219683,1.0542243960102788,0.9555013552294113
2026-04-27,1.105249551399337,1.0417521898202515,1.111566511599657,1.1639194380608726,1.1459123449629804,1.114004634029227,1.072089660351066,1.0661015185883833,0.9632879601480011
2026-04-28,1.105381080955142,1.0334171670986279,1.1075676677971051,1.1646564260556773,1.1411903495168831,1.1117985382365183,1.0694937004192697,1.0626864027982523,0.9594096511513223
2026-04-29,1.114224329095514,1.0283026211003743,1.1028380556115533,1.1709769216102002,1.1360970792180713,1.1187374462744035,1.0751489176848674,1.0664817395569783,0.966684526067189
2026-04-30,1.1120198520137803,1.0290807542731468,1.101682110617442,1.1691295197698872,1.135366737934241,1.1144909335576192,1.0707336031273191,1.0629771374359462,0.9594836813729889
2026-05-04,1.1139358962633936,1.0247553375098049,1.0972899429434892,1.172287916388985,1.1302236210841416,1.1150427973169101,1.0708591874935907,1.0634781713881463,0.9643515589023255
2026-05-05,1.1139230141183905,1.0298447535262991,1.1016147402570629,1.1731716090944393,1.1360913234522274,1.1163184234278754,1.072351237987008,1.0650421460503432,0.9608930668588953
2026-05-06,1.1202286609708139,1.041560240154018,1.1063653084988345,1.1795479165260412,1.1423605546027675,1.128713293315314,1.0864019638513878,1.0796876095149837,0.9728138067300499
2026-05-07,1.1193902066804495,1.065474241905408,1.1215075300825734,1.1798469101724347,1.1644377231731275,1.1297468198038236,1.0886992124100079,1.082940850769179,0.9726419285466236
2026-05-08,1.1149867774541538,1.0538691384656178,1.1167713915620643,1.1749169753867297,1.160329984713445,1.1264148418692883,1.0861343395054566,1.0798108702045175,0.9666245522167248
2026-05-11,1.1083435064410943,1.0384693614492482,1.101660469533301,1.1629008055835164,1.1470792747193814,1.1140264454591962,1.0721813601298298,1.0647499942857284,0.9522188020988661
2026-05-12,1.0997208697112626,1.0215556239468133,1.0932525475033534,1.156316672963762,1.1335294190803569,1.0979895406240021,1.0534071508134655,1.0477651628625946,0.9347744549817771
2026-05-13,1.1036237935015962,1.0344464266385331,1.108760797161524,1.1614869398657655,1.1519572867601704,1.1000778649327396,1.05435007985142,1.0510934303075508,0.9360958319657655
2026-05-14,1.1106027029694119,1.0381791928225168,1.1120759158823634,1.1682174738642168,1.1544093823293922,1.1043490929989064,1.0573483449952685,1.0546970185949516,0.9471710030181372
2026-05-15,1.1137953621754755,1.0290274064376037,1.1012680431660213,1.1686245534761035,1.1419360566147885,1.1070968240733237,1.0601196001579076,1.055932055399883,0.9453278222987306
2026-05-18,1.1149332255166364,1.0232521304439728,1.0976705562173477,1.1684445890215205,1.1388436025299988,1.1081470641353695,1.0614043101884791,1.056641211071195,0.9455856786193457
2026-05-19,1.114282883369879,1.0252867390389897,1.0971356213691568,1.1679433107837711,1.137684283503383,1.1110304225677388,1.0647352706873374,1.059255557627765,0.9443082668408407
2026-05-20,1.1136368920497932,1.031105109981204,1.101102006864668,1.1688999155118605,1.1436756804352646,1.1108891286457623,1.065118868936922,1.0599115031630817,0.9459475520868597
2026-05-21,1.109387710384675,1.0282876561446115,1.0964895190854824,1.1630988177039794,1.1396747615053193,1.1087133206066857,1.0637232168183821,1.058411480321147,0.945775595812482
2026-05-22,1.1026759109686066,1.030367762840889,1.096952257767093,1.1576075771817402,1.1411691559485933,1.1035858054629704,1.0598544588038141,1.0553588714275295,0.9483585321118971
2026-05-25,1.1060958744114457,1.0383464263048896,1.1005514554632938,1.160155076243551,1.1461874140671977,1.1104395113567356,1.0678932319393015,1.0633136321354233,0.9608490235624608
2026-05-26,1.1067021884172255,1.0388371062743822,1.1021672169854217,1.1618982383259573,1.147843527346872,1.1100880977789196,1.067718558477308,1.0631023428177329,0.9561310806592844
2026-05-27,1.098866708586001,1.0394161872970367,1.0960246023990463,1.1540488198450105,1.1435548239287814,1.1055325921859864,1.0652353009707098,1.0608938598198974,0.9558692417001619
2026-05-28,1.098866708586001,1.0394161872970367,1.0960246023990463,1.1540488198450105,1.1435548239287814,1.1055325921859864,1.0652353009707098,1.0608938598198974,0.9558692417001619
2026-05-29,1.083640632863305,1.0373059634063255,1.0903421654357508,1.139279683260779,1.1411580133643908,1.0934319998182591,1.054632303659544,1.051040602433132,0.9414994915107717
2026-06-01,1.074186703877302,1.0259190197808055,1.0775174356918888,1.1303104245362918,1.1279975956087227,1.088389410370979,1.0513893733158124,1.0465293281305998,0.9348963549564834
2026-06-02,1.0785642317696298,1.0301469145779114,1.0831832852220356,1.1352501019382828,1.1333334821608305,1.0967354425584157,1.0598629438221245,1.0533299226057595,0.9389326419472884
2026-06-03,1.0764032382834072,1.0415947837104214,1.0913817576473142,1.1347384622974257,1.1440949934969469,1.088356571408831,1.0509749381821785,1.047140030786202,0.9358159539969331
2026-06-04,1.0784986839614117,1.0448951822436614,1.0930945733934516,1.137013669243084,1.1458268338174502,1.0911483668880526,1.0538695769293516,1.0505695893543998,0.9362538099598917
2026-06-05,1.078962576594954,1.0459026162708684,1.0933654582602292,1.1369524882287538,1.1464600760236834,1.0902407904249463,1.052702734226019,1.0497082974517458,0.9342606165233737
2026-06-08,1.074813091677133,1.034243141863261,1.0829561108156565,1.133454767652282,1.1340483709752935,1.0826645396640076,1.0444668933877679,1.0411201526893055,0.9245168961876856
2026-06-09,1.077772917722001,1.0526415231349266,1.0974695012669966,1.1371199217923484,1.1521111848796062,1.0866892512054835,1.0501239720099746,1.0477703220645143,0.9292788042963455
2026-06-10,1.0744884029593182,1.0452203694257756,1.089000440725236,1.131494758875614,1.1443779912203202,1.0850497501864083,1.0490259005184062,1.044853750565064,0.9281932619847549
2026-06-11,1.0721139294725504,1.039343600788211,1.0818931111616694,1.1277211857091174,1.1365441707128965,1.0813139769736138,1.0449632928414139,1.0406782740218847,0.9260602076547718
2026-06-12,1.0762621155093475,1.050682791056901,1.0884534260954912,1.1306887873915974,1.1443416194185085,1.0915180512811629,1.0573552524048602,1.0535737490365944,0.9445041970372137
2026-06-15,1.0740719385348363,1.0618323234869202,1.0962705484569897,1.1286378471383736,1.157644140046514,1.0960824690818578,1.0645066068068243,1.0612361916956923,0.953740170008686
2026-06-16,1.0814011657229108,1.063156623322986,1.1005727331831767,1.135152584818698,1.1615374779032102,1.1033356574007698,1.0707164824567257,1.0666897484987148,0.9591478121921997
2026-06-17,1.0823126409082162,1.0708557778260956,1.1047487392403352,1.1369269564877929,1.1677952707046693,1.1065504564116213,1.0749525839356828,1.0707558742890069,0.9630080821791686
2026-06-18,1.0854798013067701,1.0665566528330068,1.1014128864464716,1.1402592981033328,1.1612906747700797,1.1079420414372916,1.0761094004268559,1.0717431970768925,0.9662986786776797
2026-06-19,1.083754701637432,1.071766898753863,1.105191656806513,1.1401864209100663,1.1662863032597515,1.1036104069245074,1.071673280339479,1.068526317277471,0.960105363434896
2026-06-22,1.0861512649002942,1.081879140677206,1.110896019469281,1.1420625726003142,1.1759996166337814,1.1069472865113619,1.075493982009013,1.072487943055422,0.9636958291857277
2026-06-23,1.082594679370278,1.0819696405162198,1.1098046282745644,1.138799636326821,1.1762063412177766,1.1013041481314954,1.0699187666250651,1.067239633170956,0.9525486582764187
