Date,Close
2023-06-26,2915.70703125
2023-06-27,2922.74609375
2023-06-28,2939.291259765625
2023-06-30,3018.636474609375
2023-07-03,2991.2587890625
2023-07-04,3024.669921875
2023-07-05,3034.81640625
2023-07-06,3037.512451171875
2023-07-07,3043.31787109375
2023-07-10,2990.93896484375
2023-07-11,2991.3505859375
2023-07-12,2979.923583984375
2023-07-13,3053.647216796875
2023-07-14,3212.79443359375
2023-07-17,3191.8154296875
2023-07-18,3196.52294921875
2023-07-19,3172.024658203125
2023-07-20,3174.087646484375
2023-07-21,3087.0205078125
2023-07-24,3111.26171875
2023-07-25,3115.2939453125
2023-07-26,3105.350830078125
2023-07-27,3113.23193359375
2023-07-28,3075.197509765625
2023-07-31,3135.73193359375
2023-08-01,3163.777099609375
2023-08-02,3153.32861328125
2023-08-03,3116.027099609375
2023-08-04,3155.986572265625
2023-08-07,3193.1044921875
2023-08-08,3180.777587890625
2023-08-09,3173.354248046875
2023-08-10,3154.65771484375
2023-08-11,3160.79833984375
2023-08-14,3161.760498046875
2023-08-16,3169.595947265625
2023-08-17,3148.837890625
2023-08-18,3085.9208984375
2023-08-21,3117.58544921875
2023-08-22,3099.7138671875
2023-08-23,3114.46923828125
2023-08-24,3104.845947265625
2023-08-25,3098.93505859375
2023-08-28,3093.66552734375
2023-08-29,3094.21484375
2023-08-30,3107.77880859375
2023-08-31,3076.4814453125
2023-09-01,3097.010498046875
2023-09-04,3133.02783203125
2023-09-05,3142.97216796875
2023-09-06,3143.4765625
2023-09-07,3166.7099609375
2023-09-08,3154.473876953125
2023-09-11,3189.98828125
2023-09-12,3281.77490234375
2023-09-13,3269.906494140625
2023-09-14,3262.7578125
2023-09-15,3297.813232421875
2023-09-18,3305.008056640625
2023-09-20,3304.91650390625
2023-09-21,3285.8994140625
2023-09-22,3302.716796875
2023-09-25,3278.4296875
2023-09-26,3286.266357421875
2023-09-27,3289.565185546875
2023-09-28,3241.403564453125
2023-09-29,3233.934326171875
2023-10-03,3220.416015625
2023-10-04,3242.31982421875
2023-10-05,3289.61083984375
2023-10-06,3318.984619140625
2023-10-09,3334.519287109375
2023-10-10,3325.858154296875
2023-10-11,3308.445068359375
2023-10-12,3246.719482421875
2023-10-13,3272.656494140625
2023-10-16,3229.76416015625
2023-10-17,3214.18359375
2023-10-18,3196.037353515625
2023-10-19,3175.2705078125
2023-10-20,3211.014892578125
2023-10-23,3133.462890625
2023-10-25,3115.03955078125
2023-10-26,3066.017822265625
2023-10-27,3079.06591796875
2023-10-30,3104.4267578125
2023-10-31,3095.421630859375
2023-11-01,3060.41259765625
2023-11-02,3087.4736328125
2023-11-03,3079.02001953125
2023-11-06,3105.988525390625
2023-11-07,3096.98388671875
2023-11-08,3107.183349609375
2023-11-09,3075.849609375
2023-11-10,3062.985595703125
2023-11-13,3061.239501953125
2023-11-15,3128.087158203125
2023-11-16,3214.047119140625
2023-11-17,3218.273681640625
2023-11-20,3234.032470703125
2023-11-21,3225.39453125
2023-11-22,3243.72607421875
2023-11-23,3223.60302734375
2023-11-24,3176.603515625
2023-11-28,3188.59423828125
2023-11-29,3228.656982421875
2023-11-30,3204.628662109375
2023-12-01,3226.726806640625
2023-12-04,3227.462158203125
2023-12-05,3245.05859375
2023-12-06,3311.676025390625
2023-12-07,3321.599609375
2023-12-08,3332.442626953125
2023-12-11,3347.32763671875
2023-12-12,3374.15869140625
2023-12-13,3301.982177734375
2023-12-14,3369.70263671875
2023-12-15,3547.732421875
2023-12-18,3546.077880859375
2023-12-19,3506.567138671875
2023-12-20,3473.349853515625
2023-12-21,3480.1953125
2023-12-22,3513.734130859375
2023-12-26,3487.59228515625
2023-12-27,3501.972900390625
2023-12-28,3491.58984375
2023-12-29,3485.616943359375
2024-01-01,3501.881103515625
2024-01-02,3476.24462890625
2024-01-03,3392.21484375
2024-01-04,3369.288818359375
2024-01-05,3434.619873046875
2024-01-08,3379.856201171875
2024-01-09,3390.5146484375
2024-01-10,3411.78662109375
2024-01-11,3432.4609375
2024-01-12,3567.76318359375
2024-01-15,3587.0595703125
2024-01-16,3548.008056640625
2024-01-17,3569.417724609375
2024-01-18,3585.956787109375
2024-01-19,3648.3662109375
2024-01-23,3569.9033203125
2024-01-24,3554.6826171875
2024-01-25,3525.537109375
2024-01-29,3516.93212890625
2024-01-30,3516.515869140625
2024-01-31,3530.764892578125
2024-02-01,3566.1103515625
2024-02-02,3669.87841796875
2024-02-05,3676.355224609375
2024-02-06,3826.896240234375
2024-02-07,3778.226806640625
2024-02-08,3825.13818359375
2024-02-09,3824.76806640625
2024-02-12,3812.73974609375
2024-02-13,3839.38720703125
2024-02-14,3793.678955078125
2024-02-15,3796.547607421875
2024-02-16,3819.771240234375
2024-02-19,3797.1025390625
2024-02-20,3729.41943359375
2024-02-21,3693.195068359375
2024-02-22,3781.650390625
2024-02-23,3749.2666015625
2024-02-26,3702.031494140625
2024-02-27,3797.657470703125
2024-02-28,3811.12060546875
2024-02-29,3789.052734375
2024-03-01,3788.35888671875
2024-03-04,3775.728515625
2024-03-05,3712.255615234375
2024-03-06,3760.5546875
2024-03-07,3801.54345703125
2024-03-11,3814.266357421875
2024-03-12,3878.94189453125
2024-03-13,3838.924560546875
2024-03-14,3893.14501953125
2024-03-15,3903.924072265625
2024-03-18,3842.16259765625
2024-03-19,3680.056396484375
2024-03-20,3674.134765625
2024-03-21,3676.031494140625
2024-03-22,3618.618896484375
2024-03-26,3587.714599609375
2024-03-27,3553.8505859375
2024-03-28,3586.6044921875
2024-04-01,3624.031494140625
2024-04-02,3593.544189453125
2024-04-03,3652.298583984375
2024-04-04,3704.11328125
2024-04-05,3681.86083984375
2024-04-08,3675.661376953125
2024-04-09,3651.6044921875
2024-04-10,3686.85693359375
2024-04-12,3702.35498046875
2024-04-15,3646.654296875
2024-04-16,3583.365966796875
2024-04-18,3573.37353515625
2024-04-19,3540.24853515625
2024-04-22,3575.779296875
2024-04-23,3585.124267578125
2024-04-24,3544.736328125
2024-04-25,3564.3056640625
2024-04-26,3535.76171875
2024-04-29,3580.96044921875
2024-04-30,3535.113525390625
2024-05-02,3574.576416015625
2024-05-03,3556.16357421875
2024-05-06,3628.010498046875
2024-05-07,3681.5830078125
2024-05-08,3679.732421875
2024-05-09,3664.234375
2024-05-10,3602.88916015625
2024-05-13,3652.760986328125
2024-05-14,3609.6435546875
2024-05-15,3590.398193359375
2024-05-16,3635.646240234375
2024-05-17,3573.34326171875
2024-05-21,3560.38818359375
2024-05-22,3571.3857421875
2024-05-23,3628.656494140625
2024-05-24,3587.695556640625
2024-05-27,3585.412109375
2024-05-28,3578.748291015625
2024-05-29,3544.963623046875
2024-05-30,3482.0078125
2024-05-31,3421.28857421875
2024-06-03,3451.019287109375
2024-06-04,3462.3427734375
2024-06-05,3491.65380859375
2024-06-06,3569.89453125
2024-06-07,3629.122314453125
2024-06-10,3596.26953125
2024-06-11,3590.11865234375
2024-06-12,3571.059326171875
2024-06-13,3614.396728515625
2024-06-14,3571.43212890625
2024-06-18,3555.635498046875
2024-06-19,3543.146484375
2024-06-20,3529.678955078125
2024-06-21,3551.580810546875
2024-06-24,3557.219482421875
2024-06-25,3577.396728515625
2024-06-26,3593.61328125
2024-06-27,3666.588134765625
2024-06-28,3638.62841796875
2024-07-01,3707.64208984375
2024-07-02,3744.176513671875
2024-07-03,3695.5732421875
2024-07-04,3747.485107421875
2024-07-05,3738.957275390625
2024-07-08,3721.622314453125
2024-07-09,3714.4462890625
2024-07-10,3643.28857421875
2024-07-11,3656.849365234375
2024-07-12,3899.39990234375
2024-07-15,3885.65283203125
2024-07-16,3894.2734375
2024-07-18,4022.049072265625
2024-07-19,4019.1064453125
2024-07-22,4005.047607421875
2024-07-23,4019.060302734375
2024-07-24,4022.703369140625
2024-07-25,4037.883544921875
2024-07-26,4098.93017578125
2024-07-29,4092.62451171875
2024-07-30,4077.911865234375
2024-07-31,4096.59521484375
2024-08-01,4107.57080078125
2024-08-02,4001.030517578125
2024-08-05,3881.458984375
2024-08-06,3896.545654296875
2024-08-07,3923.869873046875
2024-08-08,3897.806396484375
2024-08-09,3950.3056640625
2024-08-12,3919.385498046875
2024-08-13,3920.600341796875
2024-08-14,4012.427490234375
2024-08-16,4125.2734375
2024-08-19,4194.35400390625
2024-08-20,4225.46142578125
2024-08-21,4251.8046875
2024-08-22,4205.56396484375
2024-08-23,4169.97216796875
2024-08-26,4205.98388671875
2024-08-27,4201.03369140625
2024-08-28,4209.3466796875
2024-08-29,4214.71875
2024-08-30,4253.90673828125
2024-09-02,4223.35888671875
2024-09-03,4215.23291015625
2024-09-04,4184.31201171875
2024-09-05,4181.2294921875
2024-09-06,4163.2939453125
2024-09-09,4156.5673828125
2024-09-10,4211.02880859375
2024-09-11,4184.4052734375
2024-09-12,4220.23095703125
2024-09-13,4224.80810546875
2024-09-16,4216.0732421875
2024-09-17,4208.97412109375
2024-09-18,4059.976318359375
2024-09-19,4013.267822265625
2024-09-20,4002.759033203125
2024-09-23,3987.4384765625
2024-09-24,3990.0546875
2024-09-25,3993.27734375
2024-09-26,4009.858642578125
2024-09-27,4024.99169921875
2024-09-30,3987.4384765625
2024-10-01,4005.56201171875
2024-10-03,3954.042724609375
2024-10-04,3972.259033203125
2024-10-07,3991.5029296875
2024-10-08,3973.19287109375
2024-10-09,3972.913330078125
2024-10-10,3949.044921875
2024-10-11,3875.994384765625
2024-10-14,3864.270263671875
2024-10-15,3845.7275390625
2024-10-16,3825.31640625
2024-10-17,3838.441162109375
2024-10-18,3860.9619140625
2024-10-21,3820.508544921875
2024-10-22,3760.2490234375
2024-10-23,3807.772705078125
2024-10-24,3790.589599609375
2024-10-25,3799.62646484375
2024-10-28,3830.809326171875
2024-10-29,3816.20068359375
2024-10-30,3825.003173828125
2024-10-31,3716.189697265625
2024-11-01,3730.938720703125
2024-11-04,3712.162841796875
2024-11-05,3718.905517578125
2024-11-06,3876.5068359375
2024-11-07,3887.041748046875
2024-11-08,3883.39013671875
2024-11-11,3931.8037109375
2024-11-12,3930.5859375
2024-11-13,3886.52685546875
2024-11-14,3882.35986328125
2024-11-18,3763.99462890625
2024-11-19,3782.77001953125
2024-11-21,3813.953369140625
2024-11-22,3974.7861328125
2024-11-25,4040.80517578125
2024-11-26,4076.014404296875
2024-11-27,4057.145263671875
2024-11-28,3975.066650390625
2024-11-29,3999.366943359375
2024-12-02,4004.798828125
2024-12-03,4029.23974609375
2024-12-04,4077.6064453125
2024-12-05,4180.28564453125
2024-12-06,4162.9150390625
2024-12-09,4169.14208984375
2024-12-10,4150.7890625
2024-12-11,4146.01318359375
2024-12-12,4171.7646484375
2024-12-13,4189.51025390625
2024-12-16,4134.54248046875
2024-12-17,4053.352783203125
2024-12-18,4071.472900390625
2024-12-19,4000.350341796875
2024-12-20,3905.20849609375
2024-12-23,3893.971435546875
2024-12-24,3913.82373046875
2024-12-26,3904.0849609375
2024-12-27,3900.10546875
2024-12-30,3894.439697265625
2024-12-31,3834.508056640625
2025-01-01,3851.036376953125
2025-01-02,3910.3125
2025-01-03,3839.28369140625
2025-01-06,3834.69580078125
2025-01-07,3772.235107421875
2025-01-08,3847.24365234375
2025-01-09,3782.11474609375
2025-01-10,3994.497802734375
2025-01-13,4018.329833984375
2025-01-14,3963.969482421875
2025-01-15,3979.4677734375
2025-01-16,3938.920654296875
2025-01-17,3933.1982421875
2025-01-20,3888.85302734375
2025-01-21,3848.846923828125
2025-01-22,3964.002197265625
2025-01-23,3953.368896484375
2025-01-24,3959.94873046875
2025-01-27,3876.788818359375
2025-01-28,3853.090576171875
2025-01-29,3909.833740234375
2025-01-30,3910.072021484375
2025-01-31,3921.849853515625
2025-02-01,3884.41845703125
2025-02-03,3880.127197265625
2025-02-04,3916.74755859375
2025-02-05,3901.536865234375
2025-02-06,3893.573486328125
2025-02-07,3842.695556640625
2025-02-10,3849.895751953125
2025-02-11,3779.89697265625
2025-02-12,3767.117431640625
2025-02-13,3728.971435546875
2025-02-14,3752.526611328125
2025-02-17,3723.5830078125
2025-02-18,3693.7333984375
2025-02-19,3608.76171875
2025-02-20,3604.279541015625
2025-02-21,3610.57373046875
2025-02-24,3505.289794921875
2025-02-25,3461.373291015625
2025-02-27,3445.160888671875
2025-02-28,3321.851806640625
2025-03-03,3331.19775390625
2025-03-04,3368.390869140625
2025-03-05,3382.695556640625
2025-03-06,3434.71826171875
2025-03-07,3443.873291015625
2025-03-10,3423.32177734375
2025-03-11,3409.63671875
2025-03-12,3343.73828125
2025-03-13,3348.363525390625
2025-03-17,3335.632080078125
2025-03-18,3335.632080078125
2025-03-19,3335.060302734375
2025-03-20,3398.049560546875
2025-03-21,3412.30712890625
2025-03-24,3460.800537109375
2025-03-25,3488.26611328125
2025-03-26,3467.333740234375
2025-03-27,3482.019775390625
2025-03-28,3439.05712890625
2025-04-01,3386.27197265625
2025-04-02,3379.7392578125
2025-04-03,3245.46337890625
2025-04-04,3146.5205078125
2025-04-07,3122.345458984375
2025-04-08,3140.36962890625
2025-04-09,3096.1669921875
2025-04-11,3081.7666015625
2025-04-15,3097.693359375
2025-04-16,3122.107177734375
2025-04-17,3146.04345703125
2025-04-21,3167.692138671875
2025-04-22,3160.825439453125
2025-04-23,3254.85693359375
2025-04-24,3243.9853515625
2025-04-25,3288.235107421875
2025-04-28,3283.94384765625
2025-04-29,3311.600341796875
2025-04-30,3293.670654296875
2025-05-02,3272.02294921875
2025-05-05,3294.2431640625
2025-05-06,3299.67919921875
2025-05-07,3285.469482421875
2025-05-08,3289.09326171875
2025-05-09,3280.89208984375
2025-05-12,3452.646728515625
2025-05-13,3352.130859375
2025-05-14,3384.26904296875
2025-05-15,3414.0234375
2025-05-16,3396.28515625
2025-05-19,3355.754638671875
2025-05-20,3336.204833984375
2025-05-21,3362.430419921875
2025-05-22,3315.891357421875
2025-05-23,3351.749267578125
2025-05-26,3373.397705078125
2025-05-27,3336.5859375
2025-05-28,3335.632080078125
2025-05-29,3336.01416015625
2025-05-30,3302.921630859375
2025-06-02,3289.951904296875
2025-06-03,3247.41796875
2025-06-04,3252.90234375
2025-06-05,3243.473388671875
2025-06-06,3256.077392578125
2025-06-09,3292.350341796875
2025-06-10,3331.7978515625
2025-06-11,3340.457275390625
2025-06-12,3304.1845703125
2025-06-13,3315.2490234375
2025-06-16,3363.93359375
2025-06-17,3382.214111328125
2025-06-18,3320.733154296875
2025-06-19,3294.37060546875
2025-06-20,3305.627685546875
2025-06-23,3265.12158203125
2025-06-24,3262.042724609375
2025-06-25,3314.38330078125
2025-06-26,3311.496826171875
2025-06-27,3310.82373046875
2025-06-30,3330.931884765625
2025-07-01,3299.854736328125
2025-07-02,3293.697265625
2025-07-03,3272.049072265625
2025-07-04,3290.329833984375
2025-07-07,3282.53662109375
2025-07-08,3277.244873046875
2025-07-09,3255.692626953125
2025-07-10,3253.9609375
2025-07-11,3142.352294921875
2025-07-14,3100.691650390625
2025-07-15,3129.171142578125
2025-07-16,3121.2548828125
2025-07-17,3098.181640625
2025-07-18,3079.549072265625
2025-07-21,3048.946044921875
2025-07-22,3050.297607421875
2025-07-23,3069.122802734375
2025-07-24,3039.098876953125
2025-07-25,3027.32080078125
2025-07-28,2972.775390625
2025-07-29,2950.281494140625
2025-07-30,2947.96435546875
2025-07-31,2931.74560546875
2025-08-01,2899.11474609375
2025-08-04,2968.044677734375
2025-08-05,2957.907958984375
2025-08-06,2927.401123046875
2025-08-07,2941.5927734375
2025-08-08,2931.359130859375
2025-08-11,2935.607177734375
2025-08-12,2930.393798828125
2025-08-13,2931.166259765625
2025-08-14,2917.7470703125
2025-08-18,2907.03125
2025-08-19,2911.858154296875
2025-08-20,2991.40771484375
2025-08-21,2995.26953125
2025-08-22,2948.3505859375
2025-08-25,3031.955078125
2025-08-26,3047.98046875
2025-08-28,2986.67724609375
2025-08-29,2977.988525390625
2025-09-01,3004.92333984375
2025-09-02,3003.861572265625
2025-09-03,2990.345947265625
2025-09-04,2988.60791015625
2025-09-05,2942.84765625
2025-09-08,2914.56103515625
2025-09-09,2943.909423828125
2025-09-10,3002.413330078125
2025-09-11,3016.1220703125
2025-09-12,3025.003662109375
2025-09-15,3004.24755859375
2025-09-16,3036.878173828125
2025-09-17,3063.040771484375
2025-09-18,3066.805908203125
2025-09-19,3059.565185546875
2025-09-22,2967.465576171875
2025-09-23,2956.4599609375
2025-09-24,2930.393798828125
2025-09-25,2855.092041015625
2025-09-26,2798.809326171875
2025-09-29,2795.912841796875
2025-09-30,2788.479248046875
2025-10-01,2813.38671875
2025-10-03,2801.51220703125
2025-10-06,2885.019775390625
2025-10-07,2870.828125
2025-10-08,2922.477783203125
2025-10-09,2955.7841796875
2025-10-10,2923.53955078125
2025-10-13,2903.16943359375
2025-10-14,2857.89208984375
2025-10-15,2877.756591796875
2025-10-16,2878.628662109375
2025-10-17,2870.391845703125
2025-10-20,2921.749267578125
2025-10-21,2913.512939453125
2025-10-23,2977.951904296875
2025-10-24,2968.26171875
2025-10-27,2989.2890625
2025-10-28,2963.1259765625
2025-10-29,2962.83544921875
2025-10-30,2941.226318359375
2025-10-31,2963.222900390625
2025-11-03,2923.2998046875
2025-11-04,2897.5244140625
2025-11-06,2917.582763671875
2025-11-07,2899.074951171875
2025-11-10,2931.439453125
2025-11-11,2952.56396484375
2025-11-12,3034.735595703125
2025-11-13,3009.444580078125
2025-11-14,3009.7353515625
2025-11-17,3006.052978515625
2025-11-18,2991.421142578125
2025-11-19,3050.142822265625
2025-11-20,3047.3330078125
2025-11-21,3052.952880859375
2025-11-24,3043.84423828125
2025-11-25,3022.526123046875
2025-11-26,3064.87158203125
2025-11-27,3039.386962890625
2025-11-28,3040.2587890625
2025-12-01,3036.285888671875
2025-12-02,3038.5146484375
2025-12-03,3081.441650390625
2025-12-04,3129.11669921875
2025-12-05,3137.837890625
2025-12-08,3136.190673828125
2025-12-09,3108.86474609375
2025-12-10,3090.356689453125
2025-12-11,3092.972900390625
2025-12-12,3120.6865234375
2025-12-15,3130.0859375
2025-12-16,3105.763916015625
2025-12-17,3118.0703125
2025-12-18,3179.117919921875
2025-12-19,3180.280517578125
2025-12-22,3221.850830078125
2025-12-23,3207.41259765625
2025-12-24,3216.1337890625
2025-12-26,3178.342529296875
2025-12-29,3150.7255859375
2025-12-30,3146.17138671875
2025-12-31,3106.82958984375
2026-01-01,3127.37255859375
2026-01-02,3149.950439453125
2026-01-05,3116.4228515625
2026-01-06,3154.892578125
2026-01-07,3193.458984375
2026-01-08,3104.600830078125
2026-01-09,3108.380126953125
2026-01-12,3139.19482421875
2026-01-13,3166.71435546875
2026-01-14,3093.554443359375
2026-01-15,3093.554443359375
2026-01-16,3163.8017578125
2026-01-19,3121.278564453125
2026-01-20,3060.798583984375
2026-01-21,3080.826904296875
2026-01-22,3108.2548828125
2026-01-23,3120.193115234375
2026-01-27,3115.75341796875
2026-01-28,3157.290283203125
2026-01-29,3102.335205078125
2026-01-30,3082.109375
2026-02-02,3127.1982421875
2026-02-03,3182.153076171875
2026-02-04,2958.979248046875
2026-02-05,2951.480712890625
2026-02-06,2902.248291015625
2026-02-09,2908.760009765625
2026-02-10,2944.673095703125
2026-02-11,2870.873779296875
2026-02-12,2713.31005859375
2026-02-13,2656.1845703125
2026-02-16,2670.39208984375
2026-02-17,2681.04736328125
2026-02-18,2658.848388671875
2026-02-19,2642.075927734375
2026-02-20,2650.264892578125
2026-02-23,2640.497314453125
2026-02-24,2539.269775390625
2026-02-25,2594.126220703125
2026-02-26,2612.27978515625
2026-02-27,2602.11767578125
2026-03-02,2578.537353515625
2026-03-04,2553.181396484375
2026-03-05,2544.3017578125
2026-03-06,2523.385498046875
2026-03-09,2493.589111328125
2026-03-10,2479.480712890625
2026-03-11,2431.92529296875
2026-03-12,2409.726318359375
2026-03-13,2378.253173828125
2026-03-16,2376.970458984375
2026-03-17,2359.70458984375
2026-03-18,2408.14794921875
2026-03-19,2324.482177734375
2026-03-20,2358.619384765625
2026-03-23,2351.910400390625
2026-03-24,2366.709716796875
2026-03-25,2345.595947265625
2026-03-27,2357.830078125
2026-03-30,2327.34326171875
2026-04-01,2375.98388671875
2026-04-02,2417.915283203125
2026-04-06,2440.804931640625
2026-04-07,2505.823486328125
2026-04-08,2524.9638671875
2026-04-09,2554.365234375
2026-04-10,2490.53076171875
2026-04-13,2439.5224609375
2026-04-15,2520.72119140625
2026-04-16,2542.427001953125
2026-04-17,2546.965576171875
2026-04-20,2545.091064453125
2026-04-21,2575.57763671875
2026-04-22,2504.540771484375
2026-04-23,2488.064208984375
2026-04-24,2364.8349609375
2026-04-27,2414.85693359375
2026-04-28,2411.99560546875
2026-04-29,2441.59423828125
2026-04-30,2440.804931640625
2026-05-01,2440.804931640625
2026-05-04,2398.77490234375
2026-05-05,2394.828369140625
2026-05-06,2402.81982421875
2026-05-07,2369.274658203125
2026-05-08,2362.368408203125
2026-05-11,2360.888427734375
2026-05-12,2269.52734375
2026-05-13,2242.395263671875
2026-05-14,2215.953857421875
2026-05-15,2233.712890625
2026-05-18,2252.656005859375
2026-05-19,2295.968994140625
2026-05-20,2296.2646484375
2026-05-21,2296.0673828125
2026-05-22,2286.300048828125
2026-05-25,2308.199951171875
2026-05-26,2276.199951171875
2026-05-27,2284.199951171875
2026-05-28,2284.199951171875
2026-05-29,2258.89990234375
2026-06-01,2297.39990234375
2026-06-02,2446.89990234375
2026-06-03,2241.699951171875
2026-06-04,2241.0
2026-06-05,2198.89990234375
2026-06-08,2151.39990234375
2026-06-09,2151.0
2026-06-10,2153.89990234375
2026-06-11,2135.60009765625
2026-06-12,2161.39990234375
2026-06-15,2162.0
2026-06-16,2199.0
2026-06-17,2223.0
2026-06-18,2203.300048828125
2026-06-19,2125.0
2026-06-22,2127.800048828125
2026-06-23,2059.60009765625
